timeOpen;timeClose;timeHigh;timeLow;name;open;high;low;close;volume;marketCap;timestamp
"2025-08-10T00:00:00.000Z";"2025-08-10T23:59:59.999Z";"2025-08-10T23:35:00.000Z";"2025-08-10T00:02:00.000Z";"2783";632889.8718921975;648306.1904109208;632821.6894244386;648274.8827092643;351792937766.15173;12901165417896.504;"2025-08-10T23:59:59.999Z"
"2025-08-09T00:00:00.000Z";"2025-08-09T23:59:59.999Z";"2025-08-09T10:24:00.000Z";"2025-08-09T03:09:00.000Z";"2783";634344.7814428093;641022.8761832562;632635.2625855166;633220.2429119302;293605245382.68286;12606564358108.146;"2025-08-09T23:59:59.999Z"
"2025-08-08T00:00:00.000Z";"2025-08-08T23:59:59.999Z";"2025-08-08T00:39:00.000Z";"2025-08-08T15:47:00.000Z";"2783";636386.2727669898;637369.4083189566;628400.1320749066;634401.593448817;323393693378.67834;12577350530306.248;"2025-08-08T23:59:59.999Z"
"2025-08-07T00:00:00.000Z";"2025-08-07T23:59:59.999Z";"2025-08-07T22:57:00.000Z";"2025-08-07T04:57:00.000Z";"2783";627914.4310617233;637267.5137994443;623932.9437060755;636339.6969214713;349638676059.51086;12766570697326.041;"2025-08-07T23:59:59.999Z"
"2025-08-06T00:00:00.000Z";"2025-08-06T23:59:59.999Z";"2025-08-06T18:16:00.000Z";"2025-08-06T04:39:00.000Z";"2783";628220.1742514005;632275.7829605403;623830.9136671558;627914.8268212975;310305112923.3824;12600772972573.246;"2025-08-06T23:59:59.999Z"
"2025-08-05T00:00:00.000Z";"2025-08-05T23:59:59.999Z";"2025-08-05T00:39:00.000Z";"2025-08-05T14:47:00.000Z";"2783";632620.841824633;633020.0075270036;620701.3655306038;628257.3235611805;335569008537.7067;12488802723918.055;"2025-08-05T23:59:59.999Z"
"2025-08-04T00:00:00.000Z";"2025-08-04T23:59:59.999Z";"2025-08-04T17:18:00.000Z";"2025-08-04T00:15:00.000Z";"2783";632732.0006450339;638525.7886758505;632145.5911815793;632619.1912610715;198216510765.8806;12686160432343.068;"2025-08-04T23:59:59.999Z"
"2025-08-03T00:00:00.000Z";"2025-08-03T23:59:59.999Z";"2025-08-03T19:38:00.000Z";"2025-08-03T00:39:00.000Z";"2783";623595.4968893784;635563.0285649525;620370.1753219713;632679.6750479242;266558450982.9707;12597761528520.875;"2025-08-03T23:59:59.999Z"
"2025-08-02T00:00:00.000Z";"2025-08-02T23:59:59.999Z";"2025-08-02T05:04:00.000Z";"2025-08-02T19:15:00.000Z";"2783";627998.9614507671;631884.9313759884;620713.5711978141;623601.6555658578;315166965196.7443;12410167747640.604;"2025-08-02T23:59:59.999Z"
"2025-08-01T00:00:00.000Z";"2025-08-01T23:59:59.999Z";"2025-08-01T03:25:00.000Z";"2025-08-01T22:52:00.000Z";"2783";648172.8708751618;649940.3266838058;624696.3181405644;627997.2524412973;511276757374.1729;12629436353653.986;"2025-08-01T23:59:59.999Z"
"2025-07-31T00:00:00.000Z";"2025-07-31T23:59:59.999Z";"2025-07-31T07:22:00.000Z";"2025-07-31T23:42:00.000Z";"2783";657146.3691623063;663134.2242424914;647002.502548342;648280.6694624253;386871482706.99725;12844787083728.883;"2025-07-31T23:59:59.999Z"
"2025-07-30T00:00:00.000Z";"2025-07-30T23:59:59.999Z";"2025-07-30T15:01:00.000Z";"2025-07-30T19:07:00.000Z";"2783";657391.5326302182;665789.7294283825;645809.6309806583;657132.7712328957;384082249168.27686;13072015208996.951;"2025-07-30T23:59:59.999Z"
"2025-07-29T00:00:00.000Z";"2025-07-29T23:59:59.999Z";"2025-07-29T07:49:00.000Z";"2025-07-29T16:39:00.000Z";"2783";659099.778691803;666705.1516573718;650929.5476487282;657380.5975463879;382606075889.7595;13113688324669.424;"2025-07-29T23:59:59.999Z"
"2025-07-28T00:00:00.000Z";"2025-07-28T23:59:59.999Z";"2025-07-28T02:39:00.000Z";"2025-07-28T18:36:00.000Z";"2783";664984.067986777;666904.968605968;656998.405666041;658997.332201671;360849813049.9693;13064147711217.877;"2025-07-28T23:59:59.999Z"
"2025-07-27T00:00:00.000Z";"2025-07-27T23:59:59.999Z";"2025-07-27T22:46:00.000Z";"2025-07-27T00:13:00.000Z";"2783";656315.2426797656;666504.6931433966;655842.0145018126;664916.4716378666;304291196957.57404;13227091737177.48;"2025-07-27T23:59:59.999Z"
"2025-07-26T00:00:00.000Z";"2025-07-26T23:59:59.999Z";"2025-07-26T19:56:00.000Z";"2025-07-26T02:00:00.000Z";"2783";654646.4992703215;658490.7556039188;652066.6602242138;656329.9141913804;269932925683.2088;13059315413090.244;"2025-07-26T23:59:59.999Z"
"2025-07-25T00:00:00.000Z";"2025-07-25T23:59:59.999Z";"2025-07-25T00:05:00.000Z";"2025-07-25T07:57:00.000Z";"2783";653699.134743902;654596.6238351766;634157.1599209761;654596.6238351766;579083403882.9314;12927484924233.727;"2025-07-25T23:59:59.999Z"
"2025-07-24T00:00:00.000Z";"2025-07-24T23:59:59.999Z";"2025-07-24T15:11:00.000Z";"2025-07-24T07:06:00.000Z";"2783";655378.2758320062;660134.5487090469;647009.4847817081;653651.6691746222;400757543811.6448;12995782640109.705;"2025-07-24T23:59:59.999Z"
"2025-07-23T00:00:00.000Z";"2025-07-23T23:59:59.999Z";"2025-07-23T00:26:00.000Z";"2025-07-23T13:52:00.000Z";"2783";667821.7678107332;668586.8229287516;653470.9162571288;655277.9783025836;370696866829.04895;13151507120313.475;"2025-07-23T23:59:59.999Z"
"2025-07-22T00:00:00.000Z";"2025-07-22T23:59:59.999Z";"2025-07-22T23:20:00.000Z";"2025-07-22T01:19:00.000Z";"2783";653748.5431694014;669386.5523980042;646954.1367712807;667822.4857121838;441028050495.5571;13291794242060.082;"2025-07-22T23:59:59.999Z"
"2025-07-21T00:00:00.000Z";"2025-07-21T23:59:59.999Z";"2025-07-21T07:31:00.000Z";"2025-07-21T00:24:00.000Z";"2783";654523.1631734914;668832.4047057794;650739.1474788225;653785.895800973;389568183895.6629;13035453023541.01;"2025-07-21T23:59:59.999Z"
"2025-07-20T00:00:00.000Z";"2025-07-20T23:59:59.999Z";"2025-07-20T16:06:00.000Z";"2025-07-20T22:19:00.000Z";"2783";658222.4848606827;663361.9821102084;650442.9996807527;654489.2354015847;320982207908.8922;13024601753666.916;"2025-07-20T23:59:59.999Z"
"2025-07-19T00:00:00.000Z";"2025-07-19T23:59:59.999Z";"2025-07-19T11:10:00.000Z";"2025-07-19T21:27:00.000Z";"2783";658523.9491940488;661555.8547159266;655121.2422226043;658199.4333469087;265448311877.52237;13095109907768.527;"2025-07-19T23:59:59.999Z"
"2025-07-18T00:00:00.000Z";"2025-07-18T23:59:59.999Z";"2025-07-18T06:03:00.000Z";"2025-07-18T20:39:00.000Z";"2783";661800.1806272916;670583.1216354385;653066.6830183887;658552.3952646491;432451091785.70514;13024046572157.068;"2025-07-18T23:59:59.999Z"
"2025-07-17T00:00:00.000Z";"2025-07-17T23:59:59.999Z";"2025-07-17T21:26:00.000Z";"2025-07-17T12:31:00.000Z";"2783";661064.7585212137;671535.8407677271;654426.6393033816;662058.6241644624;402878452828.52155;13211496365059.48;"2025-07-17T23:59:59.999Z"
"2025-07-16T00:00:00.000Z";"2025-07-16T23:59:59.999Z";"2025-07-16T21:04:00.000Z";"2025-07-16T02:38:00.000Z";"2783";654546.7278384477;668448.5663345202;650517.5069474403;661147.8754754378;401040476559.07074;13127399179442.307;"2025-07-16T23:59:59.999Z"
"2025-07-15T00:00:00.000Z";"2025-07-15T23:59:59.999Z";"2025-07-15T00:29:00.000Z";"2025-07-15T14:58:00.000Z";"2783";669803.232207149;670283.8664549545;643194.15545296;654393.7352699623;549470603507.77155;13093471325722.963;"2025-07-15T23:59:59.999Z"
"2025-07-14T00:00:00.000Z";"2025-07-14T23:59:59.999Z";"2025-07-14T07:40:00.000Z";"2025-07-14T01:32:00.000Z";"2783";662631.0010741873;686974.291044421;662162.4581086659;669780.080417965;1011039882682.434;13263006554527.156;"2025-07-14T23:59:59.999Z"
"2025-07-13T00:00:00.000Z";"2025-07-13T23:59:59.999Z";"2025-07-13T19:33:00.000Z";"2025-07-13T00:19:00.000Z";"2783";652934.7799230845;664151.5647546196;652007.5610706648;663524.421196311;272562172556.93277;13174350104145.48;"2025-07-13T23:59:59.999Z"
"2025-07-12T00:00:00.000Z";"2025-07-12T23:59:59.999Z";"2025-07-12T09:55:00.000Z";"2025-07-12T15:55:00.000Z";"2783";653482.5167715225;656374.6345730947;650403.9494611264;652951.6226185207;253121107746.3242;12987868498209.547;"2025-07-12T23:59:59.999Z"
"2025-07-11T00:00:00.000Z";"2025-07-11T23:59:59.999Z";"2025-07-11T09:38:00.000Z";"2025-07-11T00:28:00.000Z";"2783";641972.2109783771;657668.5261416147;637527.6123116664;652615.6209430274;481139785768.97833;12939546475889.043;"2025-07-11T23:59:59.999Z"
"2025-07-10T00:00:00.000Z";"2025-07-10T23:59:59.999Z";"2025-07-10T21:58:00.000Z";"2025-07-10T13:45:00.000Z";"2783";621717.8949556017;645114.6628549503;611455.9711029867;641641.2246809356;535618362187.40173;12883620708254.44;"2025-07-10T23:59:59.999Z"
"2025-07-09T00:00:00.000Z";"2025-07-09T23:59:59.999Z";"2025-07-09T19:56:00.000Z";"2025-07-09T04:27:00.000Z";"2783";593702.736517503;621580.666355637;590343.4874759208;621580.666355637;315663879260.6775;12066620805846.443;"2025-07-09T23:59:59.999Z"
"2025-07-08T00:00:00.000Z";"2025-07-08T23:59:59.999Z";"2025-07-08T13:47:00.000Z";"2025-07-08T02:19:00.000Z";"2783";594383.9999041011;596051.666670989;590011.3156723133;593517.6299993551;243038449130.35886;11893199299058.574;"2025-07-08T23:59:59.999Z"
"2025-07-07T00:00:00.000Z";"2025-07-07T23:59:59.999Z";"2025-07-07T03:28:00.000Z";"2025-07-07T18:34:00.000Z";"2783";592153.7894984089;594728.2932898013;589269.6713925157;594382.0727240337;246193949685.27887;11676376180509.057;"2025-07-07T23:59:59.999Z"
"2025-07-06T00:00:00.000Z";"2025-07-06T23:59:59.999Z";"2025-07-06T21:32:00.000Z";"2025-07-06T10:03:00.000Z";"2783";586807.8325056598;594942.9295464186;584724.9576316213;592223.5124798453;199229573747.64682;11779083501602.967;"2025-07-06T23:59:59.999Z"
"2025-07-05T00:00:00.000Z";"2025-07-05T23:59:59.999Z";"2025-07-05T04:31:00.000Z";"2025-07-05T02:34:00.000Z";"2783";585553.8644458966;587643.8344474119;584612.9730843363;586807.8225144283;165966828893.5898;11668781404552.734;"2025-07-05T23:59:59.999Z"
"2025-07-04T00:00:00.000Z";"2025-07-04T23:59:59.999Z";"2025-07-04T01:36:00.000Z";"2025-07-04T19:32:00.000Z";"2783";592964.4411354283;593780.2025340017;582115.0505764857;585654.1519895152;230491030104.43842;11618438047185.227;"2025-07-04T23:59:59.999Z"
"2025-07-03T00:00:00.000Z";"2025-07-03T23:59:59.999Z";"2025-07-03T13:58:00.000Z";"2025-07-03T02:44:00.000Z";"2783";590647.4622579708;598242.8731827517;589533.9799085141;593173.6355711069;274009718926.95456;11831614753925.512;"2025-07-03T23:59:59.999Z"
"2025-07-02T00:00:00.000Z";"2025-07-02T23:59:59.999Z";"2025-07-02T17:25:00.000Z";"2025-07-02T01:18:00.000Z";"2783";576959.2299395344;595775.1585649695;573881.3438001558;590779.5506329025;307022048525.651;11814841360005.486;"2025-07-02T23:59:59.999Z"
"2025-07-01T00:00:00.000Z";"2025-07-01T23:59:59.999Z";"2025-07-01T01:25:00.000Z";"2025-07-01T20:02:00.000Z";"2783";581976.1432060254;584301.3272112692;574849.1264184043;577313.4253947265;239596047077.43167;11417616005925.201;"2025-07-01T23:59:59.999Z"
"2025-06-30T00:00:00.000Z";"2025-06-30T23:59:59.999Z";"2025-06-30T01:46:00.000Z";"2025-06-30T15:19:00.000Z";"2783";593930.5277033133;596619.9352230321;581388.0739221029;581926.9964610076;230510964736.23065;11675747817167.768;"2025-06-30T23:59:59.999Z"
"2025-06-29T00:00:00.000Z";"2025-06-29T23:59:59.999Z";"2025-06-29T12:01:00.000Z";"2025-06-29T02:06:00.000Z";"2783";590154.3345995562;596744.3396349316;588285.8323629919;593942.1939132528;195392580461.3721;11850831549998.492;"2025-06-29T23:59:59.999Z"
"2025-06-28T00:00:00.000Z";"2025-06-28T23:59:59.999Z";"2025-06-28T17:52:00.000Z";"2025-06-28T01:39:00.000Z";"2783";587520.1691374377;590138.9119084764;586386.8542140801;588821.2451905898;164792875465.50436;11708605705098.51;"2025-06-28T23:59:59.999Z"
"2025-06-27T00:00:00.000Z";"2025-06-27T23:59:59.999Z";"2025-06-27T07:21:00.000Z";"2025-06-27T14:36:00.000Z";"2783";586198.5437944992;590539.257650932;585517.5477851107;587508.5459214221;248574518810.4596;11670948383960.191;"2025-06-27T23:59:59.999Z"
"2025-06-26T00:00:00.000Z";"2025-06-26T23:59:59.999Z";"2025-06-26T03:07:00.000Z";"2025-06-26T15:34:00.000Z";"2783";596844.3301479992;601979.428789125;585991.0739095288;585991.0739095288;243973629820.74356;11821204493881.426;"2025-06-26T23:59:59.999Z"
"2025-06-25T00:00:00.000Z";"2025-06-25T23:59:59.999Z";"2025-06-25T14:08:00.000Z";"2025-06-25T00:39:00.000Z";"2783";584543.8909953501;599685.6111265518;583628.806311537;596767.5681793276;284557313413.801;11768290599626.77;"2025-06-25T23:59:59.999Z"
"2025-06-24T00:00:00.000Z";"2025-06-24T23:59:59.999Z";"2025-06-24T17:03:00.000Z";"2025-06-24T08:19:00.000Z";"2783";580073.2615105415;585465.5116123194;575945.6432357822;584534.1286734742;268262781189.5438;11585608285068.496;"2025-06-24T23:59:59.999Z"
"2025-06-23T00:00:00.000Z";"2025-06-23T23:59:59.999Z";"2025-06-23T22:31:00.000Z";"2025-06-23T16:38:00.000Z";"2783";557269.0741129911;583069.7118593056;550435.5468998674;580118.1839817355;359995005335.9957;11582952568157.414;"2025-06-23T23:59:59.999Z"
"2025-06-22T00:00:00.000Z";"2025-06-22T23:59:59.999Z";"2025-06-22T00:38:00.000Z";"2025-06-22T20:19:00.000Z";"2783";563476.6523683402;569759.038513518;541834.2600635858;557438.9114312186;361293734445.7952;11069018452180.61;"2025-06-22T23:59:59.999Z"
"2025-06-21T00:00:00.000Z";"2025-06-21T23:59:59.999Z";"2025-06-21T10:37:00.000Z";"2025-06-21T23:47:00.000Z";"2783";569909.2523886247;573420.3769309268;556646.4286952413;563726.7900300598;211605461210.23715;11209956821995.111;"2025-06-21T23:59:59.999Z"
"2025-06-20T00:00:00.000Z";"2025-06-20T23:59:59.999Z";"2025-06-20T08:38:00.000Z";"2025-06-20T17:38:00.000Z";"2783";574800.4120090232;585210.1818709744;564224.4409362125;569527.3551193661;279775148300.88477;11278815393932.283;"2025-06-20T23:59:59.999Z"
"2025-06-19T00:00:00.000Z";"2025-06-19T23:59:59.999Z";"2025-06-19T05:08:00.000Z";"2025-06-19T17:06:00.000Z";"2783";575503.241915334;577532.6960388229;570832.3432284202;574873.7563079053;204846865186.82755;11419190072042.16;"2025-06-19T23:59:59.999Z"
"2025-06-18T00:00:00.000Z";"2025-06-18T23:59:59.999Z";"2025-06-18T05:30:00.000Z";"2025-06-18T19:01:00.000Z";"2783";574662.8446651493;579929.4445947614;570309.62735264;575463.3498457537;259956118079.3138;11455422517910.043;"2025-06-18T23:59:59.999Z"
"2025-06-17T00:00:00.000Z";"2025-06-17T23:59:59.999Z";"2025-06-17T03:13:00.000Z";"2025-06-17T17:08:00.000Z";"2783";586598.7473075826;591861.0413037018;567036.8994692332;574636.6954132369;307399565501.6959;11421068746333.572;"2025-06-17T23:59:59.999Z"
"2025-06-16T00:00:00.000Z";"2025-06-16T23:59:59.999Z";"2025-06-16T19:28:00.000Z";"2025-06-16T01:33:00.000Z";"2783";585696.4239124878;598380.9646463413;582148.8112562172;586559.8295623645;279469353293.95764;11779079534459.64;"2025-06-16T23:59:59.999Z"
"2025-06-15T00:00:00.000Z";"2025-06-15T23:59:59.999Z";"2025-06-15T06:01:00.000Z";"2025-06-15T21:14:00.000Z";"2783";585192.8635821467;589033.9977954901;579949.5637705318;585676.6375154328;203883177111.95117;11642473514532.447;"2025-06-15T23:59:59.999Z"
"2025-06-14T00:00:00.000Z";"2025-06-14T23:59:59.999Z";"2025-06-14T00:54:00.000Z";"2025-06-14T20:11:00.000Z";"2783";588762.038658873;589292.8872308774;579169.8882422426;585234.8593646662;210894308788.43033;11632463742285.959;"2025-06-14T23:59:59.999Z"
"2025-06-13T00:00:00.000Z";"2025-06-13T23:59:59.999Z";"2025-06-13T23:46:00.000Z";"2025-06-13T01:12:00.000Z";"2783";586398.8511182354;589175.199048787;569438.6611059584;588667.051325008;385031449173.07086;11676628973111.85;"2025-06-13T23:59:59.999Z"
"2025-06-12T00:00:00.000Z";"2025-06-12T23:59:59.999Z";"2025-06-12T00:24:00.000Z";"2025-06-12T22:56:00.000Z";"2783";601826.4918218139;602286.0875249875;585798.8299465986;586571.528462231;303686950096.43134;11659167285535.281;"2025-06-12T23:59:59.999Z"
"2025-06-11T00:00:00.000Z";"2025-06-11T23:59:59.999Z";"2025-06-11T14:36:00.000Z";"2025-06-11T22:27:00.000Z";"2783";614742.5926703294;614742.5926703294;598463.1890551235;601830.4634642944;283463093739.0667;12044974770944.885;"2025-06-11T23:59:59.999Z"
"2025-06-10T00:00:00.000Z";"2025-06-10T23:59:59.999Z";"2025-06-10T19:36:00.000Z";"2025-06-10T15:34:00.000Z";"2783";613188.875509574;615247.7589303796;602481.1395998574;614529.6298564109;304105214338.7881;12184722861750.229;"2025-06-10T23:59:59.999Z"
"2025-06-09T00:00:00.000Z";"2025-06-09T23:59:59.999Z";"2025-06-09T21:31:00.000Z";"2025-06-09T05:39:00.000Z";"2783";588505.4181905102;614666.2134788733;587574.6671747664;613069.7498783165;310978286094.92523;12195384484663.934;"2025-06-09T23:59:59.999Z"
"2025-06-08T00:00:00.000Z";"2025-06-08T23:59:59.999Z";"2025-06-08T21:57:00.000Z";"2025-06-08T10:16:00.000Z";"2783";587265.0377640141;592155.6018579167;584250.3602877292;588657.0285960144;203652839612.42773;11692012720388.387;"2025-06-08T23:59:59.999Z"
"2025-06-07T00:00:00.000Z";"2025-06-07T23:59:59.999Z";"2025-06-07T20:20:00.000Z";"2025-06-07T00:19:00.000Z";"2783";580530.904804659;589240.3045537828;578200.6497636315;587555.2546566126;213353292472.84738;11674092354416.674;"2025-06-07T23:59:59.999Z"
"2025-06-06T00:00:00.000Z";"2025-06-06T23:59:59.999Z";"2025-06-06T15:17:00.000Z";"2025-06-06T00:23:00.000Z";"2783";567262.2662224548;591827.572508815;565102.8807616523;580441.646081989;272849705045.9802;11587109446983.918;"2025-06-06T23:59:59.999Z"
"2025-06-05T00:00:00.000Z";"2025-06-05T23:59:59.999Z";"2025-06-05T13:11:00.000Z";"2025-06-05T20:57:00.000Z";"2783";590092.5692825358;593128.9346107976;561150.9252817392;567220.4328681999;323798131675.37445;11372372100435.738;"2025-06-05T23:59:59.999Z"
"2025-06-04T00:00:00.000Z";"2025-06-04T23:59:59.999Z";"2025-06-04T10:16:00.000Z";"2025-06-04T14:07:00.000Z";"2783";594544.4029272315;599332.1520419247;587705.6553967121;589871.4760896513;251188449216.9007;11739629526420.326;"2025-06-04T23:59:59.999Z"
"2025-06-03T00:00:00.000Z";"2025-06-03T23:59:59.999Z";"2025-06-03T15:32:00.000Z";"2025-06-03T08:44:00.000Z";"2783";600800.6099886466;603710.3486847036;594565.3284466324;594565.3284466324;262114368823.6418;11889145695004.857;"2025-06-03T23:59:59.999Z"
"2025-06-02T00:00:00.000Z";"2025-06-02T23:59:59.999Z";"2025-06-02T23:26:00.000Z";"2025-06-02T14:01:00.000Z";"2783";604559.9056587911;604559.9056587911;589773.9834263128;600761.235206749;262194105304.3012;12041938392924.303;"2025-06-02T23:59:59.999Z"
"2025-06-01T00:00:00.000Z";"2025-06-01T23:59:59.999Z";"2025-06-01T23:22:00.000Z";"2025-06-01T09:56:00.000Z";"2783";599048.5235324779;606189.016052796;594409.3205922563;604573.003604346;214098150598.6113;12020195529995.879;"2025-06-01T23:59:59.999Z"
"2025-05-31T00:00:00.000Z";"2025-05-31T23:59:59.999Z";"2025-05-31T21:38:00.000Z";"2025-05-31T03:09:00.000Z";"2783";595616.6715128499;600707.6737942742;590454.2495063044;599689.3620184923;223355253350.16098;11909695768515.525;"2025-05-31T23:59:59.999Z"
"2025-05-30T00:00:00.000Z";"2025-05-30T23:59:59.999Z";"2025-05-30T05:41:00.000Z";"2025-05-30T23:36:00.000Z";"2783";598707.6238012012;602389.0259064409;593601.1378660612;595391.8260776073;326738277997.1077;11711690351188.238;"2025-05-30T23:59:59.999Z"
"2025-05-29T00:00:00.000Z";"2025-05-29T23:59:59.999Z";"2025-05-29T11:23:00.000Z";"2025-05-29T23:50:00.000Z";"2783";613389.1352843848;619578.2700464748;597283.0681461963;598629.6011734266;318786265946.1844;11946095966798.238;"2025-05-29T23:59:59.999Z"
"2025-05-28T00:00:00.000Z";"2025-05-28T23:59:59.999Z";"2025-05-28T01:01:00.000Z";"2025-05-28T20:03:00.000Z";"2783";614606.8607918739;616212.8214191718;608267.6989869195;613481.4684698507;277187173680.8855;12078920143934.89;"2025-05-28T23:59:59.999Z"
"2025-05-27T00:00:00.000Z";"2025-05-27T23:59:59.999Z";"2025-05-27T13:21:00.000Z";"2025-05-27T01:25:00.000Z";"2783";620341.0730442608;627233.0443869812;609952.3818644399;614424.7057272425;325644834162.00995;12276176941300.943;"2025-05-27T23:59:59.999Z"
"2025-05-26T00:00:00.000Z";"2025-05-26T23:59:59.999Z";"2025-05-26T15:42:00.000Z";"2025-05-26T00:29:00.000Z";"2783";615624.569085864;626024.5586485362;614051.9170608243;620318.9518912807;259468471350.42365;12279416285399.248;"2025-05-26T23:59:59.999Z"
"2025-05-25T00:00:00.000Z";"2025-05-25T23:59:59.999Z";"2025-05-25T23:02:00.000Z";"2025-05-25T16:30:00.000Z";"2783";608630.0679889902;617161.0377663254;602312.9842593207;615690.1199577186;268277360625.0159;12230435421281.791;"2025-05-25T23:59:59.999Z"
"2025-05-24T00:00:00.000Z";"2025-05-24T23:59:59.999Z";"2025-05-24T11:13:00.000Z";"2025-05-24T00:06:00.000Z";"2783";605672.9946959112;617958.3356738389;603509.434387494;608567.317246313;259162698234.4391;12093108186599.783;"2025-05-24T23:59:59.999Z"
"2025-05-23T00:00:00.000Z";"2025-05-23T23:59:59.999Z";"2025-05-23T00:14:00.000Z";"2025-05-23T23:50:00.000Z";"2783";638537.8873537877;639299.672014749;603204.6185700858;605725.4426473792;386213207522.3405;12187126505170.127;"2025-05-23T23:59:59.999Z"
"2025-05-22T00:00:00.000Z";"2025-05-22T23:59:59.999Z";"2025-05-22T17:35:00.000Z";"2025-05-22T00:44:00.000Z";"2783";619238.4697184261;638503.1687055595;616957.9476632469;638503.1687055595;396123703590.8725;12528344698693.617;"2025-05-22T23:59:59.999Z"
"2025-05-21T00:00:00.000Z";"2025-05-21T23:59:59.999Z";"2025-05-21T23:28:00.000Z";"2025-05-21T09:51:00.000Z";"2783";605335.8753424772;625072.7069191122;602739.0161776968;619264.3544588999;442624745987.8155;12351389882738.402;"2025-05-21T23:59:59.999Z"
"2025-05-20T00:00:00.000Z";"2025-05-20T23:59:59.999Z";"2025-05-20T20:50:00.000Z";"2025-05-20T13:49:00.000Z";"2783";596248.1400302592;608377.6824551896;590496.6423084853;605377.3290743023;206167789685.3164;11979012687428.588;"2025-05-20T23:59:59.999Z"
"2025-05-19T00:00:00.000Z";"2025-05-19T23:59:59.999Z";"2025-05-19T00:09:00.000Z";"2025-05-19T06:40:00.000Z";"2783";603019.9658665782;606619.2603219663;578383.0990389527;596410.9098379473;349929588219.84937;11887367298104.77;"2025-05-19T23:59:59.999Z"
"2025-05-18T00:00:00.000Z";"2025-05-18T23:59:59.999Z";"2025-05-18T23:59:00.000Z";"2025-05-18T00:02:00.000Z";"2783";584296.13628787;604018.1428243549;584044.9984273441;603161.6292571953;282485602155.5261;11972073110482.742;"2025-05-18T23:59:59.999Z"
"2025-05-17T00:00:00.000Z";"2025-05-17T23:59:59.999Z";"2025-05-17T05:04:00.000Z";"2025-05-17T01:48:00.000Z";"2783";586008.1031283844;587297.2236455077;581492.0605513395;584319.5215174817;214600554904.3542;11607212193238.102;"2025-05-17T23:59:59.999Z"
"2025-05-16T00:00:00.000Z";"2025-05-16T23:59:59.999Z";"2025-05-16T16:06:00.000Z";"2025-05-16T08:26:00.000Z";"2783";589237.5043848329;593666.5773887639;586008.1143167774;586008.1143167774;252123439117.98538;11677574413753.53;"2025-05-16T23:59:59.999Z"
"2025-05-15T00:00:00.000Z";"2025-05-15T23:59:59.999Z";"2025-05-15T17:46:00.000Z";"2025-05-15T14:47:00.000Z";"2783";583907.2074459677;590478.1171706123;572247.9112712218;589383.6946453071;284277279857.8675;11621511123227.098;"2025-05-15T23:59:59.999Z"
"2025-05-14T00:00:00.000Z";"2025-05-14T23:59:59.999Z";"2025-05-14T13:36:00.000Z";"2025-05-14T17:26:00.000Z";"2783";584394.009215385;585080.4184548646;576940.5913908103;583910.5426741705;257820314721.84534;11538837743571.447;"2025-05-14T23:59:59.999Z"
"2025-05-13T00:00:00.000Z";"2025-05-13T23:59:59.999Z";"2025-05-13T19:49:00.000Z";"2025-05-13T03:31:00.000Z";"2783";582946.8322726792;588395.0452213153;575582.1507702183;584407.963229683;298292329246.91077;11732463022576.273;"2025-05-13T23:59:59.999Z"
"2025-05-12T00:00:00.000Z";"2025-05-12T23:59:59.999Z";"2025-05-12T07:06:00.000Z";"2025-05-12T18:51:00.000Z";"2783";588245.9820774957;598684.6527446652;573790.2129662259;582949.4449362817;357390486223.14764;11539600132407.883;"2025-05-12T23:59:59.999Z"
"2025-05-11T00:00:00.000Z";"2025-05-11T23:59:59.999Z";"2025-05-11T00:08:00.000Z";"2025-05-11T08:00:00.000Z";"2783";591990.3345676274;593329.8849915463;583568.1418177524;588034.338554559;261702943967.8604;11692265982916.387;"2025-05-11T23:59:59.999Z"
"2025-05-10T00:00:00.000Z";"2025-05-10T23:59:59.999Z";"2025-05-10T23:26:00.000Z";"2025-05-10T00:57:00.000Z";"2783";582223.6776148119;593464.3120435338;581413.8261448063;591963.5041370047;239036768594.65814;11758729471101.188;"2025-05-10T23:59:59.999Z"
"2025-05-09T00:00:00.000Z";"2025-05-09T23:59:59.999Z";"2025-05-09T07:50:00.000Z";"2025-05-09T03:58:00.000Z";"2783";584539.9266780092;591210.327213376;579558.686231602;582207.4815377227;329520438990.8673;11580666458218.314;"2025-05-09T23:59:59.999Z"
"2025-05-08T00:00:00.000Z";"2025-05-08T23:59:59.999Z";"2025-05-08T21:22:00.000Z";"2025-05-08T00:43:00.000Z";"2783";557568.4860479629;588696.3095156772;556876.80218279;584553.1512183213;401625983204.0996;11782663331025.734;"2025-05-08T23:59:59.999Z"
"2025-05-07T00:00:00.000Z";"2025-05-07T23:59:59.999Z";"2025-05-07T01:09:00.000Z";"2025-05-07T19:36:00.000Z";"2783";553145.3514116484;557970.5278671291;552072.7820376744;557557.4080138617;439908656693.3589;11012931046352.393;"2025-05-07T23:59:59.999Z"
"2025-05-06T00:00:00.000Z";"2025-05-06T23:59:59.999Z";"2025-05-06T23:52:00.000Z";"2025-05-06T13:55:00.000Z";"2783";538900.3966910132;553857.2870253222;535741.5906944936;553322.9617544387;151015691519.68832;10934970874080.158;"2025-05-06T23:59:59.999Z"
"2025-05-05T00:00:00.000Z";"2025-05-05T23:59:59.999Z";"2025-05-05T22:43:00.000Z";"2025-05-05T02:10:00.000Z";"2783";534480.5725830371;541449.3237906438;531699.7444687391;538898.4923764666;146292976581.07742;10663429736396.445;"2025-05-05T23:59:59.999Z"
"2025-05-04T00:00:00.000Z";"2025-05-04T23:59:59.999Z";"2025-05-04T02:07:00.000Z";"2025-05-04T23:46:00.000Z";"2783";542636.099304949;545136.1905084328;532993.3744489049;534460.2405878115;102999116828.37294;10601773563475.725;"2025-05-04T23:59:59.999Z"
"2025-05-03T00:00:00.000Z";"2025-05-03T23:59:59.999Z";"2025-05-03T00:06:00.000Z";"2025-05-03T23:39:00.000Z";"2783";548243.7019551952;548673.2879099088;542319.7602106828;542718.8093348048;89248871727.00798;10772540868264.125;"2025-05-03T23:59:59.999Z"
"2025-05-02T00:00:00.000Z";"2025-05-02T23:59:59.999Z";"2025-05-02T15:02:00.000Z";"2025-05-02T08:01:00.000Z";"2783";547879.136067768;551670.3793141394;547879.136067768;548481.9151293607;150018403929.13837;10926655827187.639;"2025-05-02T23:59:59.999Z"
"2025-05-01T00:00:00.000Z";"2025-05-01T23:59:59.999Z";"2025-05-01T15:16:00.000Z";"2025-05-01T00:01:00.000Z";"2783";534507.1620345003;552940.95741935;534171.1323098679;547864.202653747;186518039313.73666;10871759101633.338;"2025-05-01T23:59:59.999Z"
"2025-04-30T00:00:00.000Z";"2025-04-30T23:59:59.999Z";"2025-04-30T11:56:00.000Z";"2025-04-30T14:01:00.000Z";"2783";529871.0965605472;535348.7997280243;527315.4302196791;534475.665708061;159291431714.70288;10514139640540.197;"2025-04-30T23:59:59.999Z"
"2025-04-29T00:00:00.000Z";"2025-04-29T23:59:59.999Z";"2025-04-29T16:46:00.000Z";"2025-04-29T23:15:00.000Z";"2783";537122.4261241294;537687.9081311247;527137.0843353542;529861.6719916824;145933664701.67184;10588041306800.93;"2025-04-29T23:59:59.999Z"
"2025-04-28T00:00:00.000Z";"2025-04-28T23:59:59.999Z";"2025-04-28T12:48:00.000Z";"2025-04-28T01:56:00.000Z";"2783";533111.407360687;543649.505650678;528210.8493230139;537104.845408071;184025046940.15506;10724731205129.576;"2025-04-28T23:59:59.999Z"
"2025-04-27T00:00:00.000Z";"2025-04-27T23:59:59.999Z";"2025-04-27T01:18:00.000Z";"2025-04-27T13:08:00.000Z";"2783";538658.437757842;542301.9847676047;532993.5771198693;533108.8095223131;102941428723.63947;10593796880378.6;"2025-04-27T23:59:59.999Z"
"2025-04-26T00:00:00.000Z";"2025-04-26T23:59:59.999Z";"2025-04-26T01:37:00.000Z";"2025-04-26T13:47:00.000Z";"2783";538888.4519949805;542018.3357467029;534483.6269755942;538578.8797267141;100209929821.86835;10694411187063.066;"2025-04-26T23:59:59.999Z"
"2025-04-25T00:00:00.000Z";"2025-04-25T23:59:59.999Z";"2025-04-25T14:57:00.000Z";"2025-04-25T03:03:00.000Z";"2783";533688.3252506092;544299.6585859528;527747.6174916246;538921.7455208523;232410794396.71307;10683433173269.443;"2025-04-25T23:59:59.999Z"
"2025-04-24T00:00:00.000Z";"2025-04-24T23:59:59.999Z";"2025-04-24T23:35:00.000Z";"2025-04-24T08:50:00.000Z";"2783";534533.8573850535;534533.8573850535;524257.6236041945;533619.5353622725;179617811809.42426;10643216560392.99;"2025-04-24T23:59:59.999Z"
"2025-04-23T00:00:00.000Z";"2025-04-23T23:59:59.999Z";"2025-04-23T13:39:00.000Z";"2025-04-23T15:30:00.000Z";"2783";534545.932203635;536669.9919346657;525071.7060374154;534487.7575909417;238698513008.4989;10643635681842.393;"2025-04-23T23:59:59.999Z"
"2025-04-22T00:00:00.000Z";"2025-04-22T23:59:59.999Z";"2025-04-22T23:39:00.000Z";"2025-04-22T00:38:00.000Z";"2783";508362.0365239543;536682.3439776971;505725.9876651408;534553.0392733684;324683974966.25757;10774568693883.863;"2025-04-22T23:59:59.999Z"
"2025-04-21T00:00:00.000Z";"2025-04-21T23:59:59.999Z";"2025-04-21T14:32:00.000Z";"2025-04-21T00:05:00.000Z";"2783";494676.3202990005;513687.6900076267;494515.4094112658;508257.2890985115;240429072622.8299;10092549998328.217;"2025-04-21T23:59:59.999Z"
"2025-04-20T00:00:00.000Z";"2025-04-20T23:59:59.999Z";"2025-04-20T02:06:00.000Z";"2025-04-20T11:32:00.000Z";"2783";494063.7279961378;495459.4623398971;487737.5206927337;494692.3438621816;85168807115.69186;9821326418327.096;"2025-04-20T23:59:59.999Z"
"2025-04-19T00:00:00.000Z";"2025-04-19T23:59:59.999Z";"2025-04-19T15:33:00.000Z";"2025-04-19T00:09:00.000Z";"2783";490490.6548967582;497151.4633175536;489924.8829919119;494048.3030341469;88626016880.13469;9808969815521.744;"2025-04-19T23:59:59.999Z"
"2025-04-18T00:00:00.000Z";"2025-04-18T23:59:59.999Z";"2025-04-18T01:31:00.000Z";"2025-04-18T16:03:00.000Z";"2783";493100.3114039249;494232.0471627484;489607.9136540172;490490.2875052115;73926386691.44995;9737817898628.146;"2025-04-18T23:59:59.999Z"
"2025-04-17T00:00:00.000Z";"2025-04-17T23:59:59.999Z";"2025-04-17T18:26:00.000Z";"2025-04-17T14:38:00.000Z";"2783";492999.554994046;496433.4483586968;491594.3002779683;493074.5243592797;124829245305.60088;9888699690510.516;"2025-04-17T23:59:59.999Z"
"2025-04-16T00:00:00.000Z";"2025-04-16T23:59:59.999Z";"2025-04-16T17:23:00.000Z";"2025-04-16T01:01:00.000Z";"2783";492600.2141710844;500652.4490615994;489387.8490524149;493018.2850119608;174362974589.0475;9820883137232.955;"2025-04-16T23:59:59.999Z"
"2025-04-15T00:00:00.000Z";"2025-04-15T23:59:59.999Z";"2025-04-15T13:53:00.000Z";"2025-04-15T23:44:00.000Z";"2783";494912.2695018287;507530.5065655886;491979.0464109977;492392.0022085771;164153658231.90106;9724381452433.46;"2025-04-15T23:59:59.999Z"
"2025-04-14T00:00:00.000Z";"2025-04-14T23:59:59.999Z";"2025-04-14T14:54:00.000Z";"2025-04-14T00:00:00.000Z";"2783";491027.3985920345;500855.709230835;491004.5979038276;494928.0670470213;200007137205.68204;9846020915588.387;"2025-04-14T23:59:59.999Z"
"2025-04-13T00:00:00.000Z";"2025-04-13T23:59:59.999Z";"2025-04-13T01:32:00.000Z";"2025-04-13T21:09:00.000Z";"2783";500326.1256781789;504642.4938590855;487111.1313088227;490971.4034599978;168949030225.0309;9747351008560.02;"2025-04-13T23:59:59.999Z"
"2025-04-12T00:00:00.000Z";"2025-04-12T23:59:59.999Z";"2025-04-12T20:45:00.000Z";"2025-04-12T03:01:00.000Z";"2783";489376.003456705;503709.6686139297;485600.0107891438;500362.9743346005;142334161792.37195;9932693927519.027;"2025-04-12T23:59:59.999Z"
"2025-04-11T00:00:00.000Z";"2025-04-11T23:59:59.999Z";"2025-04-11T21:24:00.000Z";"2025-04-11T01:00:00.000Z";"2783";468601.3708129651;494322.0516371041;465047.9649621582;489377.8975639317;245154308793.47568;9743237636198.479;"2025-04-11T23:59:59.999Z"
"2025-04-10T00:00:00.000Z";"2025-04-10T23:59:59.999Z";"2025-04-10T00:08:00.000Z";"2025-04-10T16:03:00.000Z";"2783";480644.8574175426;481430.4919653641;466649.2379183914;468607.8049653116;260318819959.20108;9200729227274.648;"2025-04-10T23:59:59.999Z"
"2025-04-09T00:00:00.000Z";"2025-04-09T23:59:59.999Z";"2025-04-09T21:25:00.000Z";"2025-04-09T01:30:00.000Z";"2783";459019.0995483287;486208.6214833687;448753.8479074919;480691.292379583;506802912972.5102;9862737602426.898;"2025-04-09T23:59:59.999Z"
"2025-04-08T00:00:00.000Z";"2025-04-08T23:59:59.999Z";"2025-04-08T02:14:00.000Z";"2025-04-08T22:40:00.000Z";"2783";468850.65583387;478089.4630152156;458407.3020399308;459009.4012842726;285947537930.98926;8960095553965.178;"2025-04-08T23:59:59.999Z"
"2025-04-07T00:00:00.000Z";"2025-04-07T23:59:59.999Z";"2025-04-07T14:19:00.000Z";"2025-04-07T07:05:00.000Z";"2783";457086.3601664887;471958.8287080525;434896.2232105967;468950.4366114345;533291980412.47736;9187978010298.148;"2025-04-07T23:59:59.999Z"
"2025-04-06T00:00:00.000Z";"2025-04-06T23:59:59.999Z";"2025-04-06T01:32:00.000Z";"2025-04-06T23:22:00.000Z";"2783";487933.5359824417;489103.4069696158;450497.5196370939;457235.9105562518;212078089349.96573;9071649938987.75;"2025-04-06T23:59:59.999Z"
"2025-04-05T00:00:00.000Z";"2025-04-05T23:59:59.999Z";"2025-04-05T01:29:00.000Z";"2025-04-05T15:46:00.000Z";"2783";489762.1279856435;491878.5464071927;481349.5862021375;487935.248365359;84002602628.05092;9681027031563.844;"2025-04-05T23:59:59.999Z"
"2025-04-04T00:00:00.000Z";"2025-04-04T23:59:59.999Z";"2025-04-04T09:58:00.000Z";"2025-04-04T11:31:00.000Z";"2783";467954.0302893958;489756.9012490642;466519.6511260131;489756.9012490642;254291658375.11597;9370567374493.008;"2025-04-04T23:59:59.999Z"
"2025-04-03T00:00:00.000Z";"2025-04-03T23:59:59.999Z";"2025-04-03T01:52:00.000Z";"2025-04-03T15:09:00.000Z";"2783";467349.2951749271;475617.7896392472;454753.0170176038;467968.5630938388;208793011411.26395;9343992678927.639;"2025-04-03T23:59:59.999Z"
"2025-04-02T00:00:00.000Z";"2025-04-02T23:59:59.999Z";"2025-04-02T20:18:00.000Z";"2025-04-02T23:04:00.000Z";"2783";483894.0265571673;504182.0344027107;466574.9612896442;467438.3432550617;270317450830.9287;9299597152440.54;"2025-04-02T23:59:59.999Z"
"2025-04-01T00:00:00.000Z";"2025-04-01T23:59:59.999Z";"2025-04-01T16:03:00.000Z";"2025-04-01T00:17:00.000Z";"2783";470529.4263730177;486209.3948226504;469913.38927853;483829.0185998792;160595571690.40607;9635076299170.152;"2025-04-01T23:59:59.999Z"
"2025-03-31T00:00:00.000Z";"2025-03-31T23:59:59.999Z";"2025-03-31T15:26:00.000Z";"2025-03-31T00:46:00.000Z";"2783";474189.8329840494;480860.9537426999;468090.1290398979;470512.2826947746;167041151317.8159;9434844477724.127;"2025-03-31T23:59:59.999Z"
"2025-03-30T00:00:00.000Z";"2025-03-30T23:59:59.999Z";"2025-03-30T10:12:00.000Z";"2025-03-30T22:10:00.000Z";"2783";475692.5458430256;480922.0128863653;469796.6445011361;474180.9831160947;85027452023.84564;9409944438332.756;"2025-03-30T23:59:59.999Z"
"2025-03-29T00:00:00.000Z";"2025-03-29T23:59:59.999Z";"2025-03-29T00:38:00.000Z";"2025-03-29T17:18:00.000Z";"2783";485800.4572452747;487040.1792936617;470147.3466065095;475696.007724362;97730146221.55423;9439565341824.057;"2025-03-29T23:59:59.999Z"
"2025-03-28T00:00:00.000Z";"2025-03-28T23:59:59.999Z";"2025-03-28T01:45:00.000Z";"2025-03-28T17:14:00.000Z";"2783";500504.2767108652;502323.0381649145;481935.4144420496;485806.667311652;196324015015.71683;9608975619101.152;"2025-03-28T23:59:59.999Z"
"2025-03-27T00:00:00.000Z";"2025-03-27T23:59:59.999Z";"2025-03-27T02:50:00.000Z";"2025-03-27T13:41:00.000Z";"2783";498428.1414482726;503570.981412545;494675.4281282254;500466.3077673226;140033209290.04492;9923167547365;"2025-03-27T23:59:59.999Z"
"2025-03-26T00:00:00.000Z";"2025-03-26T23:59:59.999Z";"2025-03-26T07:48:00.000Z";"2025-03-26T19:17:00.000Z";"2783";498584.5711835119;503379.9858500161;492355.3436699177;498506.9299190705;152231755248.54535;9829353058507.174;"2025-03-26T23:59:59.999Z"
"2025-03-25T00:00:00.000Z";"2025-03-25T23:59:59.999Z";"2025-03-25T20:12:00.000Z";"2025-03-25T04:04:00.000Z";"2783";504135.0989521937;505391.1345530791;497448.3951315533;498579.9602029572;172854642767.7409;9997028649571.717;"2025-03-25T23:59:59.999Z"
"2025-03-24T00:00:00.000Z";"2025-03-24T23:59:59.999Z";"2025-03-24T14:22:00.000Z";"2025-03-24T02:01:00.000Z";"2783";493596.6321203072;508551.9285684779;490133.9568743597;504037.3974404957;198323146958.5017;9958432637508.16;"2025-03-24T23:59:59.999Z"
"2025-03-23T00:00:00.000Z";"2025-03-23T23:59:59.999Z";"2025-03-23T23:59:00.000Z";"2025-03-23T00:02:00.000Z";"2783";480759.1830685928;493733.4175665199;480547.0536307336;493501.6859113421;72227601178.89027;9791115641819.516;"2025-03-23T23:59:59.999Z"
"2025-03-22T00:00:00.000Z";"2025-03-22T23:59:59.999Z";"2025-03-22T09:45:00.000Z";"2025-03-22T23:38:00.000Z";"2783";481988.4820310512;484670.1555771299;479858.1330649887;480762.5496122405;56563560168.66382;9538308486921.191;"2025-03-22T23:59:59.999Z"
"2025-03-21T00:00:00.000Z";"2025-03-21T23:59:59.999Z";"2025-03-21T02:03:00.000Z";"2025-03-21T13:37:00.000Z";"2783";477692.69400305;481971.202470288;475854.9583056353;481971.202470288;108011138115.87578;9463314182069.555;"2025-03-21T23:59:59.999Z"
"2025-03-20T00:00:00.000Z";"2025-03-20T23:59:59.999Z";"2025-03-20T00:11:00.000Z";"2025-03-20T16:53:00.000Z";"2783";490788.7496790494;493949.4435336088;474028.6482081565;477682.4894469743;163999273132.73868;9433501044507.482;"2025-03-20T23:59:59.999Z"
"2025-03-19T00:00:00.000Z";"2025-03-19T23:59:59.999Z";"2025-03-19T23:44:00.000Z";"2025-03-19T02:07:00.000Z";"2783";469214.1452756428;491547.8701408961;468409.8037005353;490691.6349860934;198148051363.3905;9776319153449.947;"2025-03-19T23:59:59.999Z"
"2025-03-18T00:00:00.000Z";"2025-03-18T23:59:59.999Z";"2025-03-18T00:00:00.000Z";"2025-03-18T13:59:00.000Z";"2783";478163.8177436256;478163.8177436256;462117.0940045035;469311.7774678749;137039898847.32065;9333055709016.537;"2025-03-18T23:59:59.999Z"
"2025-03-17T00:00:00.000Z";"2025-03-17T23:59:59.999Z";"2025-03-17T19:48:00.000Z";"2025-03-17T14:12:00.000Z";"2783";474416.1518973879;481036.5107948688;471393.1564586473;478172.0718946381;144162645010.80814;9582487428780.59;"2025-03-17T23:59:59.999Z"
"2025-03-16T00:00:00.000Z";"2025-03-16T23:59:59.999Z";"2025-03-16T16:10:00.000Z";"2025-03-16T23:10:00.000Z";"2783";484570.8326792003;488697.9797369415;471207.8718604011;474435.436259032;122561599390.31921;9412563411493.33;"2025-03-16T23:59:59.999Z"
"2025-03-15T00:00:00.000Z";"2025-03-15T23:59:59.999Z";"2025-03-15T03:35:00.000Z";"2025-03-15T08:19:00.000Z";"2783";482474.0637455378;486520.7069707932;480584.7480924969;484627.0668907982;78434357829.37833;9613760944779.812;"2025-03-15T23:59:59.999Z"
"2025-03-14T00:00:00.000Z";"2025-03-14T23:59:59.999Z";"2025-03-14T15:43:00.000Z";"2025-03-14T00:11:00.000Z";"2783";470172.3481912145;487868.0182318855;468674.3415643251;482478.0500753331;171605134378.1915;9661625857159.21;"2025-03-14T23:59:59.999Z"
"2025-03-13T00:00:00.000Z";"2025-03-13T23:59:59.999Z";"2025-03-13T02:08:00.000Z";"2025-03-13T17:50:00.000Z";"2783";485545.9262345626;488890.8018877338;464428.0469068628;470097.6945695353;182173063830.97058;9329504445282.893;"2025-03-13T23:59:59.999Z"
"2025-03-12T00:00:00.000Z";"2025-03-12T23:59:59.999Z";"2025-03-12T12:31:00.000Z";"2025-03-12T15:09:00.000Z";"2783";481550.5116225073;490507.3352978166;469893.8513899712;485531.0936667706;234526380949.29684;9648256473657.719;"2025-03-12T23:59:59.999Z"
"2025-03-11T00:00:00.000Z";"2025-03-11T23:59:59.999Z";"2025-03-11T19:09:00.000Z";"2025-03-11T00:52:00.000Z";"2783";459867.2013091732;485753.9176353412;448650.3231784237;481578.5815062341;320361695754.2401;9623538018535.754;"2025-03-11T23:59:59.999Z"
"2025-03-10T00:00:00.000Z";"2025-03-10T23:59:59.999Z";"2025-03-10T09:25:00.000Z";"2025-03-10T19:05:00.000Z";"2783";466469.4640968374;489160.8087144959;454226.6143537922;459828.430189128;312887641107.6818;9019754272872.607;"2025-03-10T23:59:59.999Z"
"2025-03-09T00:00:00.000Z";"2025-03-09T23:59:59.999Z";"2025-03-09T01:02:00.000Z";"2025-03-09T23:08:00.000Z";"2783";498626.6607722931;500460.3129317063;463317.1371534368;466491.9869637499;178833054778.39114;9249770324278.242;"2025-03-09T23:59:59.999Z"
"2025-03-08T00:00:00.000Z";"2025-03-08T23:59:59.999Z";"2025-03-08T00:54:00.000Z";"2025-03-08T01:35:00.000Z";"2783";502040.4527103614;502645.9306529384;493403.9137301641;498628.3236620125;105371549617.74872;9889853740353.258;"2025-03-08T23:59:59.999Z"
"2025-03-07T00:00:00.000Z";"2025-03-07T23:59:59.999Z";"2025-03-07T00:14:00.000Z";"2025-03-07T00:56:00.000Z";"2783";518593.344879294;525597.8527520983;488499.0845209285;502040.5837115844;380143858855.44574;9916544216729.62;"2025-03-07T23:59:59.999Z"
"2025-03-06T00:00:00.000Z";"2025-03-06T23:59:59.999Z";"2025-03-06T05:59:00.000Z";"2025-03-06T19:32:00.000Z";"2783";520190.4775020754;532718.9156209623;506511.5044099662;518584.3766963861;274093462153.45956;10239353222652.53;"2025-03-06T23:59:59.999Z"
"2025-03-05T00:00:00.000Z";"2025-03-05T23:59:59.999Z";"2025-03-05T23:46:00.000Z";"2025-03-05T00:44:00.000Z";"2783";544273.0700653282;544273.0700653282;520324.2426766629;520324.2426766629;315114745770.03204;11215118853574.84;"2025-03-05T23:59:59.999Z"
"2025-03-04T00:00:00.000Z";"2025-03-04T23:59:59.999Z";"2025-03-04T21:30:00.000Z";"2025-03-04T15:22:00.000Z";"2783";518183.1389471377;553935.0197585489;501877.6945638885;544107.473313285;409994639391.52057;10414167213791.14;"2025-03-04T23:59:59.999Z"
"2025-03-03T00:00:00.000Z";"2025-03-03T23:59:59.999Z";"2025-03-03T00:02:00.000Z";"2025-03-03T22:00:00.000Z";"2783";554722.7410754678;555789.9826832991;510425.3798942594;518287.4546767679;412427689180.70996;10047711642021.234;"2025-03-03T23:59:59.999Z"
"2025-03-02T00:00:00.000Z";"2025-03-02T23:59:59.999Z";"2025-03-02T17:48:00.000Z";"2025-03-02T14:50:00.000Z";"2783";506409.4119366474;559368.5385003113;500495.5737497247;554722.3233518708;343732635670.0416;11002807102829.902;"2025-03-02T23:59:59.999Z"
"2025-03-01T00:00:00.000Z";"2025-03-01T23:59:59.999Z";"2025-03-01T04:44:00.000Z";"2025-03-01T00:58:00.000Z";"2783";496624.565692629;509270.2716050311;493319.0540975408;506383.8363729507;171816038740.68;10042461172481.271;"2025-03-01T23:59:59.999Z"
"2025-02-28T00:00:00.000Z";"2025-02-28T23:59:59.999Z";"2025-02-28T18:53:00.000Z";"2025-02-28T08:47:00.000Z";"2783";494765.5759529562;501943.8141756787;458812.5195612968;496619.5387999068;488369342733.9473;9773274401596.322;"2025-02-28T23:59:59.999Z"
"2025-02-27T00:00:00.000Z";"2025-02-27T23:59:59.999Z";"2025-02-27T11:00:00.000Z";"2025-02-27T21:08:00.000Z";"2783";487948.4757635628;505300.449145502;484760.0547664764;494715.0236728391;305615207861.9795;9748406174102.14;"2025-02-27T23:59:59.999Z"
"2025-02-26T00:00:00.000Z";"2025-02-26T23:59:59.999Z";"2025-02-26T03:20:00.000Z";"2025-02-26T20:21:00.000Z";"2783";508787.2484416891;512503.0860478621;477262.4010672601;489583.8412742764;370789604850.7193;9592364441892.201;"2025-02-26T23:59:59.999Z"
"2025-02-25T00:00:00.000Z";"2025-02-25T23:59:59.999Z";"2025-02-25T03:52:00.000Z";"2025-02-25T15:37:00.000Z";"2783";528460.7089553942;534621.5298108148;496379.3261520361;509425.4981104653;532517860166.93677;10169474046196.277;"2025-02-25T23:59:59.999Z"
"2025-02-24T00:00:00.000Z";"2025-02-24T23:59:59.999Z";"2025-02-24T00:12:00.000Z";"2025-02-24T23:59:00.000Z";"2783";551932.6830208935;553225.3531943148;528119.5241492785;528387.9019804299;252505258929.63348;10392443610932.998;"2025-02-24T23:59:59.999Z"
"2025-02-23T00:00:00.000Z";"2025-02-23T23:59:59.999Z";"2025-02-23T01:00:00.000Z";"2025-02-23T17:33:00.000Z";"2783";553632.2561595673;554171.5193893615;546137.8707102898;551909.4997310971;97449513230.83676;10943471898267.486;"2025-02-23T23:59:59.999Z"
"2025-02-22T00:00:00.000Z";"2025-02-22T23:59:59.999Z";"2025-02-22T12:56:00.000Z";"2025-02-22T00:33:00.000Z";"2783";551127.7661427234;555805.5687046152;549013.1199471637;553632.018069033;105220640341.61166;10978096104648.928;"2025-02-22T23:59:59.999Z"
"2025-02-21T00:00:00.000Z";"2025-02-21T23:59:59.999Z";"2025-02-21T13:48:00.000Z";"2025-02-21T21:00:00.000Z";"2783";560974.518164534;568690.5788555868;543564.36466932;551078.1315127012;282987905184.9022;10871628626485.145;"2025-02-21T23:59:59.999Z"
"2025-02-20T00:00:00.000Z";"2025-02-20T23:59:59.999Z";"2025-02-20T20:26:00.000Z";"2025-02-20T00:39:00.000Z";"2783";552922.5270402645;563052.1168148033;551902.8274703483;560778.7806531801;181201259491.9515;11156545273527.402;"2025-02-20T23:59:59.999Z"
"2025-02-19T00:00:00.000Z";"2025-02-19T23:59:59.999Z";"2025-02-19T23:03:00.000Z";"2025-02-19T01:27:00.000Z";"2783";543551.4481530203;554256.1550911715;540646.6076370087;552929.6516784374;164949369322.00955;10900881875851.773;"2025-02-19T23:59:59.999Z"
"2025-02-18T00:00:00.000Z";"2025-02-18T23:59:59.999Z";"2025-02-18T14:26:00.000Z";"2025-02-18T19:14:00.000Z";"2783";547270.740774812;553000.8690676352;531391.7941075477;543562.6793759528;213286631980.29614;10823222476225.209;"2025-02-18T23:59:59.999Z"
"2025-02-17T00:00:00.000Z";"2025-02-17T23:59:59.999Z";"2025-02-17T14:18:00.000Z";"2025-02-17T19:21:00.000Z";"2783";548736.4225606289;553336.041864477;543859.6803357373;547210.7121151955;155965026861.88782;10833312495115.84;"2025-02-17T23:59:59.999Z"
"2025-02-16T00:00:00.000Z";"2025-02-16T23:59:59.999Z";"2025-02-16T00:39:00.000Z";"2025-02-16T23:43:00.000Z";"2783";556667.424628909;557495.214934821;548063.0478118905;548713.7578514018;94337228508.8725;10877605806416.781;"2025-02-16T23:59:59.999Z"
"2025-02-15T00:00:00.000Z";"2025-02-15T23:59:59.999Z";"2025-02-15T03:13:00.000Z";"2025-02-15T00:33:00.000Z";"2783";556382.8320825538;559045.5625411848;554852.5647614949;556666.6191200658;97271701441.66972;11038374760000.021;"2025-02-15T23:59:59.999Z"
"2025-02-14T00:00:00.000Z";"2025-02-14T23:59:59.999Z";"2025-02-14T17:58:00.000Z";"2025-02-14T15:19:00.000Z";"2783";557284.953815711;564901.4943279284;550416.085109166;556386.1822683428;188588911418.3585;11148476216921.03;"2025-02-14T23:59:59.999Z"
"2025-02-13T00:00:00.000Z";"2025-02-13T23:59:59.999Z";"2025-02-13T01:55:00.000Z";"2025-02-13T16:58:00.000Z";"2783";564704.8099590244;565767.3967427248;549020.2726836222;557365.1259882781;214296831158.1914;11049914232582.865;"2025-02-13T23:59:59.999Z"
"2025-02-12T00:00:00.000Z";"2025-02-12T23:59:59.999Z";"2025-02-12T22:40:00.000Z";"2025-02-12T13:42:00.000Z";"2783";552064.8572729317;565889.745739603;543265.0670474798;564400.0977899106;284494526606.89264;11187339865744.848;"2025-02-12T23:59:59.999Z"
"2025-02-11T00:00:00.000Z";"2025-02-11T23:59:59.999Z";"2025-02-11T05:57:00.000Z";"2025-02-11T19:42:00.000Z";"2783";563923.1843681949;570047.364747577;547055.1665127085;552079.6878932146;216966333186.0653;10984471249992.084;"2025-02-11T23:59:59.999Z"
"2025-02-10T00:00:00.000Z";"2025-02-10T23:59:59.999Z";"2025-02-10T14:01:00.000Z";"2025-02-10T01:46:00.000Z";"2783";560319.0121694101;568425.1102847531;553709.2392421738;563871.1438756892;232716370937.05542;11216550527012.865;"2025-02-10T23:59:59.999Z"
"2025-02-09T00:00:00.000Z";"2025-02-09T23:59:59.999Z";"2025-02-09T04:01:00.000Z";"2025-02-09T21:54:00.000Z";"2783";560218.7570652738;565119.2501806652;550138.3593156043;560322.6858946733;161031094304.19382;11106832248839.598;"2025-02-09T23:59:59.999Z"
"2025-02-08T00:00:00.000Z";"2025-02-08T23:59:59.999Z";"2025-02-08T03:09:00.000Z";"2025-02-08T15:31:00.000Z";"2783";560558.9923956384;562559.739419371;555667.8111993817;560225.3451959424;130350541023.82593;11105267620364.672;"2025-02-08T23:59:59.999Z"
"2025-02-07T00:00:00.000Z";"2025-02-07T23:59:59.999Z";"2025-02-07T14:51:00.000Z";"2025-02-07T22:34:00.000Z";"2783";556569.2537136578;576106.6632902127;555452.5543975263;560534.7291375136;321220390254.85126;11026382978267.254;"2025-02-07T23:59:59.999Z"
"2025-02-06T00:00:00.000Z";"2025-02-06T23:59:59.999Z";"2025-02-06T11:51:00.000Z";"2025-02-06T19:50:00.000Z";"2783";560901.9584279546;575782.7441649159;552441.9652031293;556628.5524733634;263017046328.06473;11114329494241.266;"2025-02-06T23:59:59.999Z"
"2025-02-05T00:00:00.000Z";"2025-02-05T23:59:59.999Z";"2025-02-05T14:43:00.000Z";"2025-02-05T23:34:00.000Z";"2783";563689.2459769162;574985.452556814;558275.6274054943;560794.6862888722;282921035428.7295;11028754891758.375;"2025-02-05T23:59:59.999Z"
"2025-02-04T00:00:00.000Z";"2025-02-04T23:59:59.999Z";"2025-02-04T00:18:00.000Z";"2025-02-04T22:14:00.000Z";"2783";588945.3464967259;590897.8238290632;553562.2034494255;563771.0322685617;424011921717.54956;11263565285606.13;"2025-02-04T23:59:59.999Z"
"2025-02-03T00:00:00.000Z";"2025-02-03T23:59:59.999Z";"2025-02-03T22:10:00.000Z";"2025-02-03T02:09:00.000Z";"2783";570646.3629079917;595340.8180376361;533351.2044191523;588830.7687101054;674164197382.9415;11739778213860.244;"2025-02-03T23:59:59.999Z"
"2025-02-02T00:00:00.000Z";"2025-02-02T23:59:59.999Z";"2025-02-02T01:22:00.000Z";"2025-02-02T22:42:00.000Z";"2783";588064.6955742303;592557.9497966219;562087.7838837322;570692.3742485658;368582394057.5607;11308631193239.484;"2025-02-02T23:59:59.999Z"
"2025-02-01T00:00:00.000Z";"2025-02-01T23:59:59.999Z";"2025-02-01T01:46:00.000Z";"2025-02-01T23:25:00.000Z";"2783";598237.1465901476;600298.9513943905;585802.5878213042;588031.800814392;162161913803.7677;11654459022110.297;"2025-02-01T23:59:59.999Z"
"2025-01-31T00:00:00.000Z";"2025-01-31T23:59:59.999Z";"2025-01-31T15:56:00.000Z";"2025-01-31T21:32:00.000Z";"2783";615532.1792463697;619313.69545825;593168.4904977805;598250.1682273267;268766882864.929;11926751128180.05;"2025-01-31T23:59:59.999Z"
"2025-01-30T00:00:00.000Z";"2025-01-30T23:59:59.999Z";"2025-01-30T15:13:00.000Z";"2025-01-30T00:32:00.000Z";"2783";607550.0485530425;627232.2108977953;605175.5394715419;615257.0629983091;245550814555.0353;12159591301739.834;"2025-01-30T23:59:59.999Z"
"2025-01-29T00:00:00.000Z";"2025-01-29T23:59:59.999Z";"2025-01-29T20:34:00.000Z";"2025-01-29T00:01:00.000Z";"2783";593477.5476383946;614311.2138215234;593280.119903578;607296.3750639271;277837975013.61847;12038443127019.727;"2025-01-29T23:59:59.999Z"
"2025-01-28T00:00:00.000Z";"2025-01-28T23:59:59.999Z";"2025-01-28T15:32:00.000Z";"2025-01-28T22:01:00.000Z";"2783";601701.9980061376;609314.8429136341;587307.2721617405;593575.2459586263;278060596656.71716;11831360118113.38;"2025-01-28T23:59:59.999Z"
"2025-01-27T00:00:00.000Z";"2025-01-27T23:59:59.999Z";"2025-01-27T00:11:00.000Z";"2025-01-27T07:31:00.000Z";"2783";607167.9390304877;610324.4394018395;580790.5053235515;601633.3913446753;526312808876.442;11962692389732.451;"2025-01-27T23:59:59.999Z"
"2025-01-26T00:00:00.000Z";"2025-01-26T23:59:59.999Z";"2025-01-26T04:27:00.000Z";"2025-01-26T23:56:00.000Z";"2783";619189.2300525171;623478.8439137904;606147.3709073534;607180.9092666233;133303405623.80316;12031599411688.002;"2025-01-26T23:59:59.999Z"
"2025-01-25T00:00:00.000Z";"2025-01-25T23:59:59.999Z";"2025-01-25T18:33:00.000Z";"2025-01-25T10:10:00.000Z";"2783";619844.5325336067;622326.6353944425;615683.6750397173;619197.698548312;141260199114.60123;12267266440199.176;"2025-01-25T23:59:59.999Z"
"2025-01-24T00:00:00.000Z";"2025-01-24T23:59:59.999Z";"2025-01-24T18:29:00.000Z";"2025-01-24T03:26:00.000Z";"2783";616091.8256482852;632020.6445710878;608965.9445756254;619817.632284288;310448246014.91583;12307900644789.178;"2025-01-24T23:59:59.999Z"
"2025-01-23T00:00:00.000Z";"2025-01-23T23:59:59.999Z";"2025-01-23T16:16:00.000Z";"2025-01-23T10:45:00.000Z";"2783";615907.9878381246;632675.4434664618;604417.9529348861;616047.1850878886;618563004544.6841;12238928718395.816;"2025-01-23T23:59:59.999Z"
"2025-01-22T00:00:00.000Z";"2025-01-22T23:59:59.999Z";"2025-01-22T01:07:00.000Z";"2025-01-22T16:46:00.000Z";"2783";639153.3005162532;640051.3691275564;612657.6603176811;615880.6241700231;324454406297.3768;12368291232171.852;"2025-01-22T23:59:59.999Z"
"2025-01-21T00:00:00.000Z";"2025-01-21T23:59:59.999Z";"2025-01-21T18:41:00.000Z";"2025-01-21T01:31:00.000Z";"2783";615533.3294273744;645561.4287356813;603857.0926151568;639212.7958265633;535201187945.21796;12683803828193.12;"2025-01-21T23:59:59.999Z"
"2025-01-20T00:00:00.000Z";"2025-01-20T23:59:59.999Z";"2025-01-20T06:56:00.000Z";"2025-01-20T00:42:00.000Z";"2783";614419.0971110568;662720.1645283093;603744.2977570526;615486.9268722881;767567915675.5243;12290109617744.947;"2025-01-20T23:59:59.999Z"
"2025-01-19T00:00:00.000Z";"2025-01-19T23:59:59.999Z";"2025-01-19T21:00:00.000Z";"2025-01-19T23:41:00.000Z";"2783";637651.8401679954;649185.2003924144;605221.2523903463;614454.673702047;468965001134.4297;12230817708705.8;"2025-01-19T23:59:59.999Z"
"2025-01-18T00:00:00.000Z";"2025-01-18T23:59:59.999Z";"2025-01-18T15:55:00.000Z";"2025-01-18T08:11:00.000Z";"2783";635903.1760916325;640717.1202831083;624309.8286710781;637632.1783555319;308077471212.5451;12633069877972.498;"2025-01-18T23:59:59.999Z"
"2025-01-17T00:00:00.000Z";"2025-01-17T23:59:59.999Z";"2025-01-17T20:01:00.000Z";"2025-01-17T00:04:00.000Z";"2783";605375.2350871356;642251.3882041728;604910.0635874463;637961.8118908232;435085937127.5911;12524073397290.246;"2025-01-17T23:59:59.999Z"
"2025-01-16T00:00:00.000Z";"2025-01-16T23:59:59.999Z";"2025-01-16T00:03:00.000Z";"2025-01-16T15:03:00.000Z";"2783";604574.5486932952;606236.5319627501;586961.5451349101;603748.0669457252;325453183878.9657;11885967900350.732;"2025-01-16T23:59:59.999Z"
"2025-01-15T00:00:00.000Z";"2025-01-15T23:59:59.999Z";"2025-01-15T20:22:00.000Z";"2025-01-15T00:05:00.000Z";"2783";584639.1426044845;606509.5122944071;584433.2587752293;604569.7046214985;350090015264.2061;12058774086026.234;"2025-01-15T23:59:59.999Z"
"2025-01-14T00:00:00.000Z";"2025-01-14T23:59:59.999Z";"2025-01-14T09:54:00.000Z";"2025-01-14T00:46:00.000Z";"2783";576178.4156338723;597657.7441531331;574827.5061927004;584639.1319771829;327774566816.8214;11658251276180.674;"2025-01-14T23:59:59.999Z"
"2025-01-13T00:00:00.000Z";"2025-01-13T23:59:59.999Z";"2025-01-13T00:38:00.000Z";"2025-01-13T14:37:00.000Z";"2783";577554.0935002086;587076.5709179488;546048.6629038197;576068.772043042;446076974873.77686;11444711177593.244;"2025-01-13T23:59:59.999Z"
"2025-01-12T00:00:00.000Z";"2025-01-12T23:59:59.999Z";"2025-01-12T15:23:00.000Z";"2025-01-12T09:50:00.000Z";"2783";579136.4866012911;584046.90940896;573911.2588967587;577551.3361219843;127904071615.50775;11463014162252.7;"2025-01-12T23:59:59.999Z"
"2025-01-11T00:00:00.000Z";"2025-01-11T23:59:59.999Z";"2025-01-11T21:56:00.000Z";"2025-01-11T04:38:00.000Z";"2783";579963.9366811041;581659.4104890384;574692.2855058911;579141.80142154;115507302961.64702;11472025476066.041;"2025-01-11T23:59:59.999Z"
"2025-01-10T00:00:00.000Z";"2025-01-10T23:59:59.999Z";"2025-01-10T17:59:00.000Z";"2025-01-10T15:15:00.000Z";"2783";558352.247425092;585033.9350577382;558352.247425092;579967.7239235285;374623510290.2497;11323970207754.016;"2025-01-10T23:59:59.999Z"
"2025-01-09T00:00:00.000Z";"2025-01-09T23:59:59.999Z";"2025-01-09T01:25:00.000Z";"2025-01-09T20:23:00.000Z";"2783";580297.518134618;582195.8642603406;550736.71306222;558242.8955638449;383292848993.7668;11186491902331.385;"2025-01-09T23:59:59.999Z"
"2025-01-08T00:00:00.000Z";"2025-01-08T23:59:59.999Z";"2025-01-08T01:00:00.000Z";"2025-01-08T17:32:00.000Z";"2783";591314.9456749808;593402.198481147;567238.9426645333;580459.310802458;389693841631.5845;11485197458359.059;"2025-01-08T23:59:59.999Z"
"2025-01-07T00:00:00.000Z";"2025-01-07T23:59:59.999Z";"2025-01-07T00:37:00.000Z";"2025-01-07T20:25:00.000Z";"2783";625632.099063626;628158.7487788144;587400.7042863057;591461.116698687;359081602159.5503;11746642174320.71;"2025-01-07T23:59:59.999Z"
"2025-01-06T00:00:00.000Z";"2025-01-06T23:59:59.999Z";"2025-01-06T16:30:00.000Z";"2025-01-06T01:22:00.000Z";"2783";607785.3910297567;625934.6489796313;605301.1092147316;624411.6494492887;320373687642.3443;12498877079094.27;"2025-01-06T23:59:59.999Z"
"2025-01-05T00:00:00.000Z";"2025-01-05T23:59:59.999Z";"2025-01-05T23:03:00.000Z";"2025-01-05T14:21:00.000Z";"2783";607301.6522919959;610784.8228365284;601477.1471493468;607704.4273130106;126891230376.88676;12037915212168.588;"2025-01-05T23:59:59.999Z"
"2025-01-04T00:00:00.000Z";"2025-01-04T23:59:59.999Z";"2025-01-04T21:06:00.000Z";"2025-01-04T15:51:00.000Z";"2783";606517.0555420407;610395.9818725392;603153.8300372553;607316.0154904831;138126471658.0777;12028425020077.453;"2025-01-04T23:59:59.999Z"
"2025-01-03T00:00:00.000Z";"2025-01-03T23:59:59.999Z";"2025-01-03T19:22:00.000Z";"2025-01-03T08:37:00.000Z";"2783";596064.6537415984;611375.6248726326;592024.5852786876;606519.7460923846;219099016467.7889;11955673713758.611;"2025-01-03T23:59:59.999Z"
"2025-01-02T00:00:00.000Z";"2025-01-02T23:59:59.999Z";"2025-01-02T20:25:00.000Z";"2025-01-02T00:19:00.000Z";"2783";594964.2296776745;600914.167942442;593234.3896913312;596096.5185452884;289929270137.1126;12090878012288.889;"2025-01-02T23:59:59.999Z"
"2025-01-01T00:00:00.000Z";"2025-01-01T23:59:59.999Z";"2025-01-01T21:25:00.000Z";"2025-01-01T09:28:00.000Z";"2783";577825.2879016681;594627.3068423112;573885.6633064887;594627.3068423112;151653159053.69128;11564843753538.002;"2025-01-01T23:59:59.999Z"
"2024-12-31T00:00:00.000Z";"2024-12-31T23:59:59.999Z";"2024-12-31T14:35:00.000Z";"2024-12-31T01:32:00.000Z";"2783";572350.0060475819;594387.6478538117;567991.9260895166;577850.6501850418;269515910075.24783;11430432687612.66;"2024-12-31T23:59:59.999Z"
"2024-12-30T00:00:00.000Z";"2024-12-30T23:59:59.999Z";"2024-12-30T20:25:00.000Z";"2024-12-30T15:11:00.000Z";"2783";579494.889803155;586483.561010756;565097.8293674295;572386.8371094331;348141095624.0608;11367455577167.922;"2024-12-30T23:59:59.999Z"
"2024-12-29T00:00:00.000Z";"2024-12-29T23:59:59.999Z";"2024-12-29T00:00:00.000Z";"2024-12-29T23:12:00.000Z";"2783";589674.6519929569;589679.7528579038;575495.9539532888;579513.669521966;183616536140.78934;11475268602935.99;"2024-12-29T23:59:59.999Z"
"2024-12-28T00:00:00.000Z";"2024-12-28T23:59:59.999Z";"2024-12-28T22:53:00.000Z";"2024-12-28T01:27:00.000Z";"2783";583392.9737893272;592107.2030480898;582489.0155658583;589611.9312330374;149363647742.47397;11677032296090.578;"2024-12-28T23:59:59.999Z"
"2024-12-27T00:00:00.000Z";"2024-12-27T23:59:59.999Z";"2024-12-27T09:07:00.000Z";"2024-12-27T17:25:00.000Z";"2783";591600.3004049504;600708.111284346;578218.686131673;583421.9335033197;324033825514.04803;11525665800991.773;"2024-12-27T23:59:59.999Z"
"2024-12-26T00:00:00.000Z";"2024-12-26T23:59:59.999Z";"2024-12-26T00:11:00.000Z";"2024-12-26T10:15:00.000Z";"2783";668660.7618874416;672273.112967078;592159.9858480651;592159.9858480651;316863535702.4394;12773787944837.707;"2024-12-26T23:59:59.999Z"
"2024-12-25T00:00:00.000Z";"2024-12-25T23:59:59.999Z";"2024-12-25T23:57:00.000Z";"2024-12-25T12:03:00.000Z";"2783";609530.9689903737;669780.469248822;602844.624556798;668571.5348611779;208170707663.47598;12145476301172.592;"2024-12-25T23:59:59.999Z"
"2024-12-24T00:00:00.000Z";"2024-12-24T23:59:59.999Z";"2024-12-24T18:18:00.000Z";"2024-12-24T02:22:00.000Z";"2783";586569.5330929307;615584.500769601;578788.9639427767;609532.1212299486;291877138011.2376;12104111365235.865;"2024-12-24T23:59:59.999Z"
"2024-12-23T00:00:00.000Z";"2024-12-23T23:59:59.999Z";"2024-12-23T11:03:00.000Z";"2024-12-23T20:17:00.000Z";"2783";578788.2133519637;587280.800658643;572234.1120300184;586552.84744926;397053705223.1308;11413423949553.242;"2024-12-23T23:59:59.999Z"
"2024-12-22T00:00:00.000Z";"2024-12-22T23:59:59.999Z";"2024-12-22T00:40:00.000Z";"2024-12-22T22:11:00.000Z";"2783";591670.684984701;592534.5709717821;573327.6938097829;578821.9452730824;262598614275.1843;11459653877520.162;"2024-12-22T23:59:59.999Z"
"2024-12-21T00:00:00.000Z";"2024-12-21T23:59:59.999Z";"2024-12-21T07:44:00.000Z";"2024-12-21T13:34:00.000Z";"2783";594944.185740264;605600.2020243437;586851.8052159998;591709.6845314077;315043824513.10876;11714709768518.973;"2024-12-21T23:59:59.999Z"
"2024-12-20T00:00:00.000Z";"2024-12-20T23:59:59.999Z";"2024-12-20T07:13:00.000Z";"2024-12-20T12:18:00.000Z";"2783";599833.0910152043;603563.3616963445;567144.667793645;594942.5909560566;649977078618.2715;11909075606210.406;"2024-12-20T23:59:59.999Z"
"2024-12-19T00:00:00.000Z";"2024-12-19T23:59:59.999Z";"2024-12-19T14:36:00.000Z";"2024-12-19T20:14:00.000Z";"2783";629454.6309967992;634028.0144292791;584901.0231103533;599783.8224840357;611533978610.2897;12140170099274.787;"2024-12-19T23:59:59.999Z"
"2024-12-18T00:00:00.000Z";"2024-12-18T23:59:59.999Z";"2024-12-18T00:19:00.000Z";"2024-12-18T23:59:00.000Z";"2783";647997.3933717773;649885.9341907093;629301.320218372;629301.320218372;573021671034.4901;12105586256557.34;"2024-12-18T23:59:59.999Z"
"2024-12-17T00:00:00.000Z";"2024-12-17T23:59:59.999Z";"2024-12-17T14:59:00.000Z";"2024-12-17T22:47:00.000Z";"2783";651791.8611484679;669759.4404842902;642963.9972883918;647956.510066133;421632543715.65924;12917385657467.854;"2024-12-17T23:59:59.999Z"
"2024-12-16T00:00:00.000Z";"2024-12-16T23:59:59.999Z";"2024-12-16T18:31:00.000Z";"2024-12-16T12:51:00.000Z";"2783";630273.7203497596;655661.5995899173;624534.4264497648;651955.5459397924;550060505274.7498;12685428288236.486;"2024-12-16T23:59:59.999Z"
"2024-12-15T00:00:00.000Z";"2024-12-15T23:59:59.999Z";"2024-12-15T23:28:00.000Z";"2024-12-15T00:42:00.000Z";"2783";612539.4355616127;634830.1332048466;611654.1927363959;630304.6578612361;309044071584.0083;12478428118210.256;"2024-12-15T23:59:59.999Z"
"2024-12-14T00:00:00.000Z";"2024-12-14T23:59:59.999Z";"2024-12-14T01:29:00.000Z";"2024-12-14T20:54:00.000Z";"2783";613010.1807549722;620064.3481585884;608071.2293290127;612536.0102336578;244251746635.24716;12125939698397.217;"2024-12-14T23:59:59.999Z"
"2024-12-13T00:00:00.000Z";"2024-12-13T23:59:59.999Z";"2024-12-13T20:46:00.000Z";"2024-12-13T01:54:00.000Z";"2783";599999.7726072106;616233.7021381872;595230.971719374;613057.3987942274;341209204194.70074;12044918236201.977;"2024-12-13T23:59:59.999Z"
"2024-12-12T00:00:00.000Z";"2024-12-12T23:59:59.999Z";"2024-12-12T16:17:00.000Z";"2024-12-12T19:48:00.000Z";"2783";602454.2907108094;614226.7374596015;598354.320405572;600107.9229932145;429200571938.8245;11793523507283.764;"2024-12-12T23:59:59.999Z"
"2024-12-11T00:00:00.000Z";"2024-12-11T23:59:59.999Z";"2024-12-11T22:12:00.000Z";"2024-12-11T02:00:00.000Z";"2783";584276.2268753914;606853.3081383558;578820.7226576641;602653.6601549285;516182533921.1678;12106016258033.803;"2024-12-11T23:59:59.999Z"
"2024-12-10T00:00:00.000Z";"2024-12-10T23:59:59.999Z";"2024-12-10T14:49:00.000Z";"2024-12-10T18:13:00.000Z";"2783";592462.193802952;593309.38853495;572115.0273287027;584412.6632922615;637349551008.4829;11632852161965.139;"2024-12-10T23:59:59.999Z"
"2024-12-09T00:00:00.000Z";"2024-12-09T23:59:59.999Z";"2024-12-09T00:02:00.000Z";"2024-12-09T21:06:00.000Z";"2783";616579.0588684843;616794.9207416588;574099.1051437788;592342.2289023903;674069309162.5253;11745512094405.232;"2024-12-09T23:59:59.999Z"
"2024-12-08T00:00:00.000Z";"2024-12-08T23:59:59.999Z";"2024-12-08T23:57:00.000Z";"2024-12-08T09:56:00.000Z";"2783";608504.4889086344;617571.3584322901;601498.7669799033;616572.6737586355;268717004074.5642;12201151498672.832;"2024-12-08T23:59:59.999Z"
"2024-12-07T00:00:00.000Z";"2024-12-07T23:59:59.999Z";"2024-12-07T01:05:00.000Z";"2024-12-07T05:46:00.000Z";"2783";608472.8077420263;612410.8700078616;603078.2925601267;608513.135343984;269032205859.3267;12042710099660.154;"2024-12-07T23:59:59.999Z"
"2024-12-06T00:00:00.000Z";"2024-12-06T23:59:59.999Z";"2024-12-06T20:43:00.000Z";"2024-12-06T00:07:00.000Z";"2783";583590.8248463754;620096.3616736424;580189.5260781049;608497.1685647412;568324146264.8674;11889121833709.13;"2024-12-06T23:59:59.999Z"
"2024-12-05T00:00:00.000Z";"2024-12-05T23:59:59.999Z";"2024-12-05T03:09:00.000Z";"2024-12-05T22:29:00.000Z";"2783";596645.7517130146;627714.702477504;553050.676198186;580691.5784288411;901655478665.0269;11551915939999.037;"2024-12-05T23:59:59.999Z"
"2024-12-04T00:00:00.000Z";"2024-12-04T23:59:59.999Z";"2024-12-04T20:52:00.000Z";"2024-12-04T16:53:00.000Z";"2783";580289.051477767;599321.3714973674;571664.365966171;596591.536992551;466703774368.7616;11813655268877.797;"2024-12-04T23:59:59.999Z"
"2024-12-03T00:00:00.000Z";"2024-12-03T23:59:59.999Z";"2024-12-03T02:42:00.000Z";"2024-12-03T14:36:00.000Z";"2783";580744.6640154154;583541.7729295071;569876.316293505;580352.2705931187;406337039489.7097;11508507368621.117;"2024-12-03T23:59:59.999Z"
"2024-12-02T00:00:00.000Z";"2024-12-02T23:59:59.999Z";"2024-12-02T01:32:00.000Z";"2024-12-02T18:00:00.000Z";"2783";581128.440855466;587590.5294057549;571356.7712103876;580780.7568794343;434196168331.2815;11332672747123.936;"2024-12-02T23:59:59.999Z"
"2024-12-01T00:00:00.000Z";"2024-12-01T23:59:59.999Z";"2024-12-01T22:01:00.000Z";"2024-12-01T02:59:00.000Z";"2783";576250.379910934;584785.2385186674;572121.5049757545;581151.0393948478;218589154630.20386;11498472855480.406;"2024-12-01T23:59:59.999Z"
"2024-11-30T00:00:00.000Z";"2024-11-30T23:59:59.999Z";"2024-11-30T00:00:00.000Z";"2024-11-30T11:01:00.000Z";"2783";582268.9386669412;582451.3215735964;574355.9548323922;576177.0145199144;188979713851.4417;11402101951586.936;"2024-11-30T23:59:59.999Z"
"2024-11-29T00:00:00.000Z";"2024-11-29T23:59:59.999Z";"2024-11-29T15:21:00.000Z";"2024-11-29T00:54:00.000Z";"2783";575387.2210361512;593738.0996942074;574002.4667804487;582225.3965089853;330653115700.05493;11602434923160.676;"2024-11-29T23:59:59.999Z"
"2024-11-28T00:00:00.000Z";"2024-11-28T23:59:59.999Z";"2024-11-28T01:01:00.000Z";"2024-11-28T10:10:00.000Z";"2783";569561.4935231485;575387.838915704;567220.6452277123;575387.838915704;310200671712.65717;11235533743043.037;"2024-11-28T23:59:59.999Z"
"2024-11-27T00:00:00.000Z";"2024-11-27T23:59:59.999Z";"2024-11-27T20:31:00.000Z";"2024-11-27T00:47:00.000Z";"2783";534475.7654851563;575979.0162134513;533435.9346960406;569911.8600294979;413349378773.2463;11033589792416.61;"2024-11-27T23:59:59.999Z"
"2024-11-26T00:00:00.000Z";"2024-11-26T23:59:59.999Z";"2024-11-26T06:28:00.000Z";"2024-11-26T20:40:00.000Z";"2783";539884.069178589;550857.2530641045;528059.2164990049;534388.6981262608;531586000909.69794;10555877501910.846;"2024-11-26T23:59:59.999Z"
"2024-11-25T00:00:00.000Z";"2024-11-25T23:59:59.999Z";"2024-11-25T09:23:00.000Z";"2024-11-25T22:40:00.000Z";"2783";569329.092999275;577241.7855690954;537226.9989890548;539971.1538925203;469881599846.55853;10698906857830.559;"2024-11-25T23:59:59.999Z"
"2024-11-24T00:00:00.000Z";"2024-11-24T23:59:59.999Z";"2024-11-24T02:45:00.000Z";"2024-11-24T17:48:00.000Z";"2783";567210.7427775057;572252.2771456891;555666.6346513178;568532.6966736885;299981431633.39154;11241872697515.61;"2024-11-24T23:59:59.999Z"
"2024-11-23T00:00:00.000Z";"2024-11-23T23:59:59.999Z";"2024-11-23T00:30:00.000Z";"2024-11-23T20:30:00.000Z";"2783";574338.111935821;574384.1462861304;564048.012960748;567205.9999054947;257649353769.4844;11222773653038.084;"2024-11-23T23:59:59.999Z"
"2024-11-22T00:00:00.000Z";"2024-11-22T23:59:59.999Z";"2024-11-22T19:38:00.000Z";"2024-11-22T14:58:00.000Z";"2783";572707.4892505225;578968.564616549;566798.4265862079;574285.4377286219;456284634113.0314;11390340545601.514;"2024-11-22T23:59:59.999Z"
"2024-11-21T00:00:00.000Z";"2024-11-21T23:59:59.999Z";"2024-11-21T19:18:00.000Z";"2024-11-21T02:39:00.000Z";"2783";544612.7625894924;575817.1668210758;543408.6788604347;572795.041957301;612100675625.2094;11250796949655.352;"2024-11-21T23:59:59.999Z"
"2024-11-20T00:00:00.000Z";"2024-11-20T23:59:59.999Z";"2024-11-20T15:40:00.000Z";"2024-11-20T03:06:00.000Z";"2783";533117.457538654;547907.3429145457;528775.6933317437;544612.4708414176;414124330736.0196;10775445457809.035;"2024-11-20T23:59:59.999Z"
"2024-11-19T00:00:00.000Z";"2024-11-19T23:59:59.999Z";"2024-11-19T19:15:00.000Z";"2024-11-19T00:03:00.000Z";"2783";520396.5389729182;542631.5676966452;519765.2692707113;533119.0879475466;428339533493.7423;10501164262662.342;"2024-11-19T23:59:59.999Z"
"2024-11-18T00:00:00.000Z";"2024-11-18T23:59:59.999Z";"2024-11-18T16:03:00.000Z";"2024-11-18T14:00:00.000Z";"2783";520774.6045878574;531635.1113052657;515765.2601755449;520430.0634261453;437839343487.15656;10382923450525.207;"2024-11-18T23:59:59.999Z"
"2024-11-17T00:00:00.000Z";"2024-11-17T23:59:59.999Z";"2024-11-17T09:11:00.000Z";"2024-11-17T22:06:00.000Z";"2783";524962.8827354113;530032.764142987;514386.6289128753;520786.9842394086;268689555985.89764;10304231109621.623;"2024-11-17T23:59:59.999Z"
"2024-11-16T00:00:00.000Z";"2024-11-16T23:59:59.999Z";"2024-11-16T05:26:00.000Z";"2024-11-16T15:51:00.000Z";"2783";527895.5777915429;531951.0176883895;522271.7197531614;524962.9530182768;256997302080.79407;10385443601879.686;"2024-11-16T23:59:59.999Z"
"2024-11-15T00:00:00.000Z";"2024-11-15T23:59:59.999Z";"2024-11-15T22:03:00.000Z";"2024-11-15T04:52:00.000Z";"2783";505548.6792414587;532535.5508728103;504496.7384309016;527905.0890193773;453182916683.1734;10433891418940.906;"2024-11-15T23:59:59.999Z"
"2024-11-14T00:00:00.000Z";"2024-11-14T23:59:59.999Z";"2024-11-14T14:34:00.000Z";"2024-11-14T23:42:00.000Z";"2783";525932.2007176378;530678.2751794689;501928.1767399498;505214.8972523964;508755248309.05896;10031264759555.867;"2024-11-14T23:59:59.999Z"
"2024-11-13T00:00:00.000Z";"2024-11-13T23:59:59.999Z";"2024-11-13T16:16:00.000Z";"2024-11-13T06:36:00.000Z";"2783";505581.569482116;542517.1474138339;495882.562446866;525986.1127898215;710442293179.052;10302170209381.762;"2024-11-13T23:59:59.999Z"
"2024-11-12T00:00:00.000Z";"2024-11-12T23:59:59.999Z";"2024-11-12T07:16:00.000Z";"2024-11-12T13:51:00.000Z";"2783";510624.7114104617;518151.6424022781;492222.091033789;505833.7743284363;769476899929.7623;10012576390276.295;"2024-11-12T23:59:59.999Z"
"2024-11-11T00:00:00.000Z";"2024-11-11T23:59:59.999Z";"2024-11-11T23:25:00.000Z";"2024-11-11T00:13:00.000Z";"2783";461794.7807007519;515817.2522403135;460714.9701848744;510645.5967519598;676966778299.5048;10069454640309.54;"2024-11-11T23:59:59.999Z"
"2024-11-10T00:00:00.000Z";"2024-11-10T23:59:59.999Z";"2024-11-10T22:23:00.000Z";"2024-11-10T00:05:00.000Z";"2783";440530.3927790097;467550.6769370367;439341.4502393812;461810.6905062811;473781814150.2102;9133305829169.691;"2024-11-10T23:59:59.999Z"
"2024-11-09T00:00:00.000Z";"2024-11-09T23:59:59.999Z";"2024-11-09T23:46:00.000Z";"2024-11-09T17:18:00.000Z";"2783";439271.7690924101;441432.5064958705;434782.4211303763;440549.4652719904;166453497364.23877;8714095737146.843;"2024-11-09T23:59:59.999Z"
"2024-11-08T00:00:00.000Z";"2024-11-08T23:59:59.999Z";"2024-11-08T19:49:00.000Z";"2024-11-08T03:05:00.000Z";"2783";432076.8743848122;443708.8814879012;430679.6309548614;439210.2904306199;314094264179.9183;8619898607861.715;"2024-11-08T23:59:59.999Z"
"2024-11-07T00:00:00.000Z";"2024-11-07T23:59:59.999Z";"2024-11-07T20:23:00.000Z";"2024-11-07T06:15:00.000Z";"2783";429429.625574205;436175.1474441706;422937.0610556398;432171.9021386525;360337674669.96686;8523620833986.305;"2024-11-07T23:59:59.999Z"
"2024-11-06T00:00:00.000Z";"2024-11-06T23:59:59.999Z";"2024-11-06T20:58:00.000Z";"2024-11-06T00:04:00.000Z";"2783";398207.9674720985;433972.5385112095;397998.5817261649;429455.9928567772;680876004197.7876;8589007152600.158;"2024-11-06T23:59:59.999Z"
"2024-11-05T00:00:00.000Z";"2024-11-05T23:59:59.999Z";"2024-11-05T16:36:00.000Z";"2024-11-05T01:36:00.000Z";"2783";392769.1028518044;408707.7587448034;390728.4515973463;398068.4221409269;266708186959.24255;7945533610802.652;"2024-11-05T23:59:59.999Z"
"2024-11-04T00:00:00.000Z";"2024-11-04T23:59:59.999Z";"2024-11-04T03:02:00.000Z";"2024-11-04T21:55:00.000Z";"2783";398787.3528297969;398787.3528297969;386933.3543369929;392771.0421004829;238921662297.26956;7780327389291.086;"2024-11-04T23:59:59.999Z"
"2024-11-03T00:00:00.000Z";"2024-11-03T23:59:59.999Z";"2024-11-03T00:03:00.000Z";"2024-11-03T15:40:00.000Z";"2783";406728.1848407104;407111.3154871886;396081.9347981309;398781.4403798487;204656044951.30984;7979659100207.863;"2024-11-03T23:59:59.999Z"
"2024-11-02T00:00:00.000Z";"2024-11-02T23:59:59.999Z";"2024-11-02T02:30:00.000Z";"2024-11-02T14:53:00.000Z";"2783";407876.0117177423;410114.3686463938;405221.0462827947;406686.4804612005;106741854514.83728;8044510313162.396;"2024-11-02T23:59:59.999Z"
"2024-11-01T00:00:00.000Z";"2024-11-01T23:59:59.999Z";"2024-11-01T14:31:00.000Z";"2024-11-01T02:12:00.000Z";"2783";406612.0069616061;416938.6816034367;398303.2446773167;407855.1497771842;289480907000.15753;7957646198485.165;"2024-11-01T23:59:59.999Z"
"2024-10-31T00:00:00.000Z";"2024-10-31T23:59:59.999Z";"2024-10-31T10:55:00.000Z";"2024-10-31T20:57:00.000Z";"2783";416924.7270834708;418832.8199111735;402629.7724597252;406609.1184797331;234171159624.96875;8003656479199.177;"2024-10-31T23:59:59.999Z"
"2024-10-30T00:00:00.000Z";"2024-10-30T23:59:59.999Z";"2024-10-30T21:05:00.000Z";"2024-10-30T13:46:00.000Z";"2783";418964.1270791169;420153.2353711932;413238.2871211907;416950.6532219438;234193733193.00964;8241888053534.894;"2024-10-30T23:59:59.999Z"
"2024-10-29T00:00:00.000Z";"2024-10-29T23:59:59.999Z";"2024-10-29T19:12:00.000Z";"2024-10-29T00:11:00.000Z";"2783";399305.2061166649;423738.5081425991;398276.3716706448;418979.1964521366;334373624021.03754;8213095866645.303;"2024-10-29T23:59:59.999Z"
"2024-10-28T00:00:00.000Z";"2024-10-28T23:59:59.999Z";"2024-10-28T22:10:00.000Z";"2024-10-28T05:34:00.000Z";"2783";387677.5612816456;401031.4170795988;385463.5137689033;399292.1223708588;221455264652.30103;7889990107871.285;"2024-10-28T23:59:59.999Z"
"2024-10-27T00:00:00.000Z";"2024-10-27T23:59:59.999Z";"2024-10-27T22:30:00.000Z";"2024-10-27T01:25:00.000Z";"2783";382536.5087817873;389382.0908757821;381530.525840728;387715.3716141474;95436864714.25589;7666489572446.081;"2024-10-27T23:59:59.999Z"
"2024-10-26T00:00:00.000Z";"2024-10-26T23:59:59.999Z";"2024-10-26T20:31:00.000Z";"2024-10-26T02:13:00.000Z";"2783";380283.5164495918;384217.0178959856;378753.0988413658;382486.3872843266;111799070227.19656;7564069972399.858;"2024-10-26T23:59:59.999Z"
"2024-10-25T00:00:00.000Z";"2024-10-25T23:59:59.999Z";"2024-10-25T14:32:00.000Z";"2024-10-25T23:25:00.000Z";"2783";386176.8592040731;390637.3712046074;373965.6361198029;380361.5592439085;234939902086.85245;7463385482662.263;"2024-10-25T23:59:59.999Z"
"2024-10-24T00:00:00.000Z";"2024-10-24T23:59:59.999Z";"2024-10-24T21:24:00.000Z";"2024-10-24T00:24:00.000Z";"2783";379119.5372219355;389684.200588979;377977.6274588901;386159.6315789482;178682097287.98413;7666138129329.094;"2024-10-24T23:59:59.999Z"
"2024-10-23T00:00:00.000Z";"2024-10-23T23:59:59.999Z";"2024-10-23T00:01:00.000Z";"2024-10-23T18:21:00.000Z";"2783";383345.8003577311;383575.5391037129;371975.9669856009;377866.3436299315;183607859394.1655;7474838915918.095;"2024-10-23T23:59:59.999Z"
"2024-10-22T00:00:00.000Z";"2024-10-22T23:59:59.999Z";"2024-10-22T22:57:00.000Z";"2024-10-22T00:34:00.000Z";"2783";383255.4542272641;385865.4870504123;378814.7596970793;383340.2702833003;180977485510.4882;7577650743644.644;"2024-10-22T23:59:59.999Z"
"2024-10-21T00:00:00.000Z";"2024-10-21T23:59:59.999Z";"2024-10-21T00:32:00.000Z";"2024-10-21T15:13:00.000Z";"2783";389905.0501681198;395437.4679538481;381150.7032825339;383296.1339034164;211890931802.95425;7525503586785.55;"2024-10-21T23:59:59.999Z"
"2024-10-20T00:00:00.000Z";"2024-10-20T23:59:59.999Z";"2024-10-20T22:53:00.000Z";"2024-10-20T03:09:00.000Z";"2783";389183.5951388219;394846.9553953906;387712.2456937866;392812.9154536515;108025704752.0646;7766189882961.388;"2024-10-20T23:59:59.999Z"
"2024-10-19T00:00:00.000Z";"2024-10-19T23:59:59.999Z";"2024-10-19T03:18:00.000Z";"2024-10-19T17:03:00.000Z";"2783";389495.5503413795;390907.2946823056;387119.9260318949;388920.1593942662;82223944888.61316;7694019967880.61;"2024-10-19T23:59:59.999Z"
"2024-10-18T00:00:00.000Z";"2024-10-18T23:59:59.999Z";"2024-10-18T18:47:00.000Z";"2024-10-18T00:57:00.000Z";"2783";381140.4473564789;392410.272099019;379776.359624165;389494.4822976084;208364610975.67896;7646718539929.645;"2024-10-18T23:59:59.999Z"
"2024-10-17T00:00:00.000Z";"2024-10-17T23:59:59.999Z";"2024-10-17T00:38:00.000Z";"2024-10-17T13:37:00.000Z";"2783";383355.0326296886;385028.2612138733;378163.962471886;381031.4786828055;185907999106.74933;7556405925006.027;"2024-10-17T23:59:59.999Z"
"2024-10-16T00:00:00.000Z";"2024-10-16T23:59:59.999Z";"2024-10-16T11:48:00.000Z";"2024-10-16T01:12:00.000Z";"2783";379024.5579096545;386463.993275918;377413.7120353485;383330.3204486175;215936504029.45605;7557015881704.703;"2024-10-16T23:59:59.999Z"
"2024-10-15T00:00:00.000Z";"2024-10-15T23:59:59.999Z";"2024-10-15T14:02:00.000Z";"2024-10-15T15:09:00.000Z";"2783";369631.0734702087;382716.9095090005;365666.4510152158;379016.8993592229;273451994210.93918;7416684817759.164;"2024-10-15T23:59:59.999Z"
"2024-10-14T00:00:00.000Z";"2024-10-14T23:59:59.999Z";"2024-10-14T23:01:00.000Z";"2024-10-14T00:53:00.000Z";"2783";352713.1368255144;372042.6868319191;350431.6124625219;369607.3418983735;245288955685.81122;7327551285941.491;"2024-10-14T23:59:59.999Z"
"2024-10-13T00:00:00.000Z";"2024-10-13T23:59:59.999Z";"2024-10-13T00:33:00.000Z";"2024-10-13T15:31:00.000Z";"2783";355698.6183131652;355698.6183131652;348100.568160033;352729.835307224;102317154878.44131;6992856546382.525;"2024-10-13T23:59:59.999Z"
"2024-10-12T00:00:00.000Z";"2024-10-12T23:59:59.999Z";"2024-10-12T15:15:00.000Z";"2024-10-12T00:00:00.000Z";"2783";350395.4816511291;356030.1574170679;350387.9285430807;354595.0103543031;93956229413.82593;7009208698174.522;"2024-10-12T23:59:59.999Z"
"2024-10-11T00:00:00.000Z";"2024-10-11T23:59:59.999Z";"2024-10-11T19:13:00.000Z";"2024-10-11T01:37:00.000Z";"2783";336529.9529320509;356534.7917698887;335243.5251124697;350398.1257010043;169322496948.62234;6891363159403.498;"2024-10-11T23:59:59.999Z"
"2024-10-10T00:00:00.000Z";"2024-10-10T23:59:59.999Z";"2024-10-10T12:03:00.000Z";"2024-10-10T18:27:00.000Z";"2783";339113.4096152645;342778.681620349;328676.4862130916;336524.5775897235;170462669240.32758;6668983997726.18;"2024-10-10T23:59:59.999Z"
"2024-10-09T00:00:00.000Z";"2024-10-09T23:59:59.999Z";"2024-10-09T05:58:00.000Z";"2024-10-09T20:56:00.000Z";"2783";343973.6620531468;346061.4164065602;337297.3577175476;339114.3683870906;153192092560.58432;6629210013752.283;"2024-10-09T23:59:59.999Z"
"2024-10-08T00:00:00.000Z";"2024-10-08T23:59:59.999Z";"2024-10-08T14:03:00.000Z";"2024-10-08T19:16:00.000Z";"2783";341932.8287503798;348109.4426288155;341932.8287503798;343975.0004356046;154610194777.28638;6748559903117.134;"2024-10-08T23:59:59.999Z"
"2024-10-07T00:00:00.000Z";"2024-10-07T23:59:59.999Z";"2024-10-07T14:25:00.000Z";"2024-10-07T23:01:00.000Z";"2783";342728.4966990072;351301.9767626282;341565.5631650541;342034.0088909259;186880586890.25668;6709445696251.381;"2024-10-07T23:59:59.999Z"
"2024-10-06T00:00:00.000Z";"2024-10-06T23:59:59.999Z";"2024-10-06T19:31:00.000Z";"2024-10-06T04:43:00.000Z";"2783";338809.4433114591;343582.2019251208;337435.1244160311;342896.8182498065;80636685052.25684;6775423002331.813;"2024-10-06T23:59:59.999Z"
"2024-10-05T00:00:00.000Z";"2024-10-05T23:59:59.999Z";"2024-10-05T13:13:00.000Z";"2024-10-05T03:04:00.000Z";"2783";338721.5707655875;340370.4019680849;336658.5512912151;338836.5216518591;72611618078.99132;6696226319326.197;"2024-10-05T23:59:59.999Z"
"2024-10-04T00:00:00.000Z";"2024-10-04T23:59:59.999Z";"2024-10-04T20:56:00.000Z";"2024-10-04T00:55:00.000Z";"2783";332794.8038374515;341001.8435503597;331199.5503195089;338720.844673987;162059950185.62003;6719193244881.929;"2024-10-04T23:59:59.999Z"
"2024-10-03T00:00:00.000Z";"2024-10-03T23:59:59.999Z";"2024-10-03T04:01:00.000Z";"2024-10-03T13:19:00.000Z";"2783";329962.050723593;334477.6187367506;327704.7153880923;332827.8485883727;196491322196.97067;6534038537886.225;"2024-10-03T23:59:59.999Z"
"2024-10-02T00:00:00.000Z";"2024-10-02T23:59:59.999Z";"2024-10-02T16:08:00.000Z";"2024-10-02T19:47:00.000Z";"2783";330067.4792805331;339198.9396371041;326618.2215923946;329951.4963447269;221158150368.34036;6500967838036.158;"2024-10-02T23:59:59.999Z"
"2024-10-01T00:00:00.000Z";"2024-10-01T23:59:59.999Z";"2024-10-01T07:40:00.000Z";"2024-10-01T20:42:00.000Z";"2783";345178.9761956577;349404.7877837364;328940.4270063712;330071.1961313413;273703982851.78152;6552110452338;"2024-10-01T23:59:59.999Z"
"2024-09-30T00:00:00.000Z";"2024-09-30T23:59:59.999Z";"2024-09-30T00:00:00.000Z";"2024-09-30T23:44:00.000Z";"2783";356704.687407769;356706.8218709512;342661.1436093363;345145.7014761419;201697789988.3521;6801319854268.355;"2024-09-30T23:59:59.999Z"
"2024-09-29T00:00:00.000Z";"2024-09-29T23:59:59.999Z";"2024-09-29T20:06:00.000Z";"2024-09-29T08:26:00.000Z";"2783";358033.6680154697;359014.2182145122;355648.8330697346;356708.2091818776;80357679176.59293;7047685314126.162;"2024-09-29T23:59:59.999Z"
"2024-09-28T00:00:00.000Z";"2024-09-28T23:59:59.999Z";"2024-09-28T03:08:00.000Z";"2024-09-28T13:16:00.000Z";"2783";357508.1374851147;360025.9346526216;355692.4136779072;358026.8947172066;82832404440.71423;7074814380483.652;"2024-09-28T23:59:59.999Z"
"2024-09-27T00:00:00.000Z";"2024-09-27T23:59:59.999Z";"2024-09-27T14:39:00.000Z";"2024-09-27T03:07:00.000Z";"2783";354465.493164753;361335.8718883804;352690.0214400948;357499.876338492;174342239300.52658;7069874817329.244;"2024-09-27T23:59:59.999Z"
"2024-09-26T00:00:00.000Z";"2024-09-26T23:59:59.999Z";"2024-09-26T17:08:00.000Z";"2024-09-26T01:39:00.000Z";"2783";345689.9299419886;357941.4017230514;343120.5116875787;354467.4267557529;201884110100.2488;7051544620829.793;"2024-09-26T23:59:59.999Z"
"2024-09-25T00:00:00.000Z";"2024-09-25T23:59:59.999Z";"2024-09-25T01:41:00.000Z";"2024-09-25T23:44:00.000Z";"2783";350513.4247361218;353242.8661539051;344632.2940721177;345727.6671507375;136702236840.79514;6800402804392.151;"2024-09-25T23:59:59.999Z"
"2024-09-24T00:00:00.000Z";"2024-09-24T23:59:59.999Z";"2024-09-24T22:58:00.000Z";"2024-09-24T02:15:00.000Z";"2783";350678.7161123382;352653.6195100107;347414.7253693316;350522.8839601056;165786525241.80017;7035653182154.158;"2024-09-24T23:59:59.999Z"
"2024-09-23T00:00:00.000Z";"2024-09-23T23:59:59.999Z";"2024-09-23T03:28:00.000Z";"2024-09-23T00:17:00.000Z";"2783";350167.9116598648;351355.884561871;344583.1959823885;350695.1136961134;172766128825.43198;6884254424627.739;"2024-09-23T23:59:59.999Z"
"2024-09-22T00:00:00.000Z";"2024-09-22T23:59:59.999Z";"2024-09-22T22:59:00.000Z";"2024-09-22T22:06:00.000Z";"2783";349639.711272424;352095.3975465787;343552.3726076206;350198.7661439155;111313186978.62436;6934877055959.936;"2024-09-22T23:59:59.999Z"
"2024-09-21T00:00:00.000Z";"2024-09-21T23:59:59.999Z";"2024-09-21T23:51:00.000Z";"2024-09-21T05:08:00.000Z";"2783";348436.3683543241;350447.9854156711;346223.7129259104;349628.8751490619;79457755006.97803;6907265293255.85;"2024-09-21T23:59:59.999Z"
"2024-09-20T00:00:00.000Z";"2024-09-20T23:59:59.999Z";"2024-09-20T04:10:00.000Z";"2024-09-20T18:12:00.000Z";"2783";341476.1271323497;348483.9803920303;341476.1271323497;348483.9803920303;190846669054.38043;6772499604986.062;"2024-09-20T23:59:59.999Z"
"2024-09-19T00:00:00.000Z";"2024-09-19T23:59:59.999Z";"2024-09-19T17:47:00.000Z";"2024-09-19T01:36:00.000Z";"2783";336769.4976859113;346309.9863508456;336537.7376179935;341477.1541367098;233304797387.5306;6792564903214.337;"2024-09-19T23:59:59.999Z"
"2024-09-18T00:00:00.000Z";"2024-09-18T23:59:59.999Z";"2024-09-18T23:58:00.000Z";"2024-09-18T16:06:00.000Z";"2783";330686.319105744;336840.0294752809;324492.3952999917;336761.4316940072;224760222089.73477;6678406857946.675;"2024-09-18T23:59:59.999Z"
"2024-09-17T00:00:00.000Z";"2024-09-17T23:59:59.999Z";"2024-09-17T15:22:00.000Z";"2024-09-17T01:01:00.000Z";"2783";320373.0409416687;337342.6786510043;317265.5863016102;330683.7733396136;209621243725.76892;6559324418772.493;"2024-09-17T23:59:59.999Z"
"2024-09-16T00:00:00.000Z";"2024-09-16T23:59:59.999Z";"2024-09-16T00:05:00.000Z";"2024-09-16T17:13:00.000Z";"2783";330459.3529101276;333619.7353577614;317280.8892874914;320373.0273300427;178854525515.20007;6418737245350.245;"2024-09-16T23:59:59.999Z"
"2024-09-15T00:00:00.000Z";"2024-09-15T23:59:59.999Z";"2024-09-15T15:46:00.000Z";"2024-09-15T23:12:00.000Z";"2783";333914.6732158456;336036.0538527714;327729.4936202908;330445.9998815139;100846354634.76086;6506709505218.947;"2024-09-15T23:59:59.999Z"
"2024-09-14T00:00:00.000Z";"2024-09-14T23:59:59.999Z";"2024-09-14T00:19:00.000Z";"2024-09-14T18:10:00.000Z";"2783";337067.1318439167;337554.6530774975;331227.5476239237;333939.1090078769;91424076586.85426;6596001101313.014;"2024-09-14T23:59:59.999Z"
"2024-09-13T00:00:00.000Z";"2024-09-13T23:59:59.999Z";"2024-09-13T22:59:00.000Z";"2024-09-13T12:25:00.000Z";"2783";327110.9506671501;337506.255060879;324402.9433820475;337079.2798175799;182830701162.07162;6732754660893.769;"2024-09-13T23:59:59.999Z"
"2024-09-12T00:00:00.000Z";"2024-09-12T23:59:59.999Z";"2024-09-12T14:35:00.000Z";"2024-09-12T00:00:00.000Z";"2783";325072.7110874489;331784.391631891;324998.6081670327;327092.3153816549;191811244790.4938;6509416602863.852;"2024-09-12T23:59:59.999Z"
"2024-09-11T00:00:00.000Z";"2024-09-11T23:59:59.999Z";"2024-09-11T18:27:00.000Z";"2024-09-11T14:48:00.000Z";"2783";326554.2397613573;327476.9869351469;314622.2863570195;325072.699453885;209860673547.55597;6416024327875.823;"2024-09-11T23:59:59.999Z"
"2024-09-10T00:00:00.000Z";"2024-09-10T23:59:59.999Z";"2024-09-10T19:58:00.000Z";"2024-09-10T04:38:00.000Z";"2783";318502.8657241165;328165.3834285592;315158.8401949517;326545.3089235336;161192952485.32706;6360764801516.46;"2024-09-10T23:59:59.999Z"
"2024-09-09T00:00:00.000Z";"2024-09-09T23:59:59.999Z";"2024-09-09T21:16:00.000Z";"2024-09-09T05:55:00.000Z";"2783";306985.0282740248;324101.6411967846;305647.4918551459;318499.7172488312;193744240090.8917;6303284711201.75;"2024-09-09T23:59:59.999Z"
"2024-09-08T00:00:00.000Z";"2024-09-08T23:59:59.999Z";"2024-09-08T22:29:00.000Z";"2024-09-08T16:03:00.000Z";"2783";303125.5412944391;309492.146055098;300383.4650831756;307008.5726076133;102267700427.40466;6065069847133.042;"2024-09-08T23:59:59.999Z"
"2024-09-07T00:00:00.000Z";"2024-09-07T23:59:59.999Z";"2024-09-07T16:09:00.000Z";"2024-09-07T01:54:00.000Z";"2783";302039.3593389262;307016.8423575471;300869.1477084102;303079.3955057373;106717638465.24536;5987608835922.605;"2024-09-07T23:59:59.999Z"
"2024-09-06T00:00:00.000Z";"2024-09-06T23:59:59.999Z";"2024-09-06T13:24:00.000Z";"2024-09-06T21:01:00.000Z";"2783";312750.4791115018;316217.4044350547;294479.0799298181;302037.4843056238;274890335300.47943;5933825342183.717;"2024-09-06T23:59:59.999Z"
"2024-09-05T00:00:00.000Z";"2024-09-05T23:59:59.999Z";"2024-09-05T00:30:00.000Z";"2024-09-05T21:36:00.000Z";"2783";327163.3076938636;329025.1007584314;310296.0842916211;312757.7535757611;175119388883.66226;6259618823525.355;"2024-09-05T23:59:59.999Z"
"2024-09-04T00:00:00.000Z";"2024-09-04T23:59:59.999Z";"2024-09-04T16:39:00.000Z";"2024-09-04T01:06:00.000Z";"2783";324429.7246955893;330128.1252685973;314497.6968456147;327162.3905989682;201264293222.43784;6467778108883.56;"2024-09-04T23:59:59.999Z"
"2024-09-03T00:00:00.000Z";"2024-09-03T23:59:59.999Z";"2024-09-03T02:16:00.000Z";"2024-09-03T23:59:00.000Z";"2783";331975.8339831754;335951.2673382836;324400.4552355816;324433.5345341914;149777653448.42285;6370369944429.815;"2024-09-03T23:59:59.999Z"
"2024-09-02T00:00:00.000Z";"2024-09-02T23:59:59.999Z";"2024-09-02T23:02:00.000Z";"2024-09-02T00:53:00.000Z";"2783";321644.4726885368;333637.3414950123;320573.1034168136;332011.1523908019;151693462436.5589;6549226980024.608;"2024-09-02T23:59:59.999Z"
"2024-09-01T00:00:00.000Z";"2024-09-01T23:59:59.999Z";"2024-09-01T00:17:00.000Z";"2024-09-01T23:19:00.000Z";"2783";332418.3616509202;332938.5040620879;321433.3129461863;321636.1711032236;138629976914.93503;6381795004735.511;"2024-09-01T23:59:59.999Z"
"2024-08-31T00:00:00.000Z";"2024-08-31T23:59:59.999Z";"2024-08-31T00:34:00.000Z";"2024-08-31T17:52:00.000Z";"2783";331675.6628934247;333443.5854927134;329719.3239891758;332418.9192297254;69589052526.67744;6533497291854.926;"2024-08-31T23:59:59.999Z"
"2024-08-30T00:00:00.000Z";"2024-08-30T23:59:59.999Z";"2024-08-30T12:31:00.000Z";"2024-08-30T16:28:00.000Z";"2783";334304.3788455128;337183.5388516202;325814.5095254599;331686.8572626949;181779155078.20673;6571697810844.688;"2024-08-30T23:59:59.999Z"
"2024-08-29T00:00:00.000Z";"2024-08-29T23:59:59.999Z";"2024-08-29T15:35:00.000Z";"2024-08-29T22:10:00.000Z";"2783";328405.2228788285;345182.2276065031;328405.2228788285;334307.9476544066;179286957602.17737;6524661608615.418;"2024-08-29T23:59:59.999Z"
"2024-08-28T00:00:00.000Z";"2024-08-28T23:59:59.999Z";"2024-08-28T10:00:00.000Z";"2024-08-28T16:24:00.000Z";"2783";327852.960004649;331842.5920691216;321246.9442817969;328412.0060422609;221971327748.5434;6421671823068.45;"2024-08-28T23:59:59.999Z"
"2024-08-27T00:00:00.000Z";"2024-08-27T23:59:59.999Z";"2024-08-27T05:52:00.000Z";"2024-08-27T22:16:00.000Z";"2783";345662.3330283427;347452.1007288512;320188.4297565842;327832.0686021482;214961861217.30527;6459434624210.256;"2024-08-27T23:59:59.999Z"
"2024-08-26T00:00:00.000Z";"2024-08-26T23:59:59.999Z";"2024-08-26T00:08:00.000Z";"2024-08-26T23:56:00.000Z";"2783";353039.3567783879;353848.5699381846;345496.6002624161;345667.5567542503;151888588740.8702;6812499972146.949;"2024-08-26T23:59:59.999Z"
"2024-08-25T00:00:00.000Z";"2024-08-25T23:59:59.999Z";"2024-08-25T23:29:00.000Z";"2024-08-25T10:10:00.000Z";"2783";352103.6379128788;358116.8205129282;352103.6379128788;352991.7235802635;103298085825.168;6969353007951.28;"2024-08-25T23:59:59.999Z"
"2024-08-24T00:00:00.000Z";"2024-08-24T23:59:59.999Z";"2024-08-24T09:01:00.000Z";"2024-08-24T22:00:00.000Z";"2783";351737.9324387894;353954.9115618058;349050.6757966532;352118.0322015738;117589620790.53044;6952818496684.269;"2024-08-24T23:59:59.999Z"
"2024-08-23T00:00:00.000Z";"2024-08-23T23:59:59.999Z";"2024-08-23T22:35:00.000Z";"2024-08-23T00:02:00.000Z";"2783";337680.4788710307;356364.5278831489;337630.6893869527;351685.7379927532;237851872886.88855;7078324399301.665;"2024-08-23T23:59:59.999Z"
"2024-08-22T00:00:00.000Z";"2024-08-22T23:59:59.999Z";"2024-08-22T12:04:00.000Z";"2024-08-22T02:53:00.000Z";"2783";335434.8099796957;337679.7468631824;328008.9137474141;337679.7468631824;151494002174.675;6537468796466.792;"2024-08-22T23:59:59.999Z"
"2024-08-21T00:00:00.000Z";"2024-08-21T23:59:59.999Z";"2024-08-21T20:06:00.000Z";"2024-08-21T01:23:00.000Z";"2783";323378.5852119079;338951.1772201799;322329.0004515277;335484.7529823816;179353664584.19824;6617453979042.854;"2024-08-21T23:59:59.999Z"
"2024-08-20T00:00:00.000Z";"2024-08-20T23:59:59.999Z";"2024-08-20T05:25:00.000Z";"2024-08-20T16:11:00.000Z";"2783";321687.1036270498;331976.1470658501;320988.3638545302;323366.5494129001;170936846796.22723;6299915326737.916;"2024-08-20T23:59:59.999Z"
"2024-08-19T00:00:00.000Z";"2024-08-19T23:59:59.999Z";"2024-08-19T23:55:00.000Z";"2024-08-19T10:06:00.000Z";"2783";320042.7765688266;322331.6802828021;316641.4769079935;321687.1064098975;141802219460.59814;6427795807720.993;"2024-08-19T23:59:59.999Z"
"2024-08-18T00:00:00.000Z";"2024-08-18T23:59:59.999Z";"2024-08-18T12:47:00.000Z";"2024-08-18T23:56:00.000Z";"2783";325457.1900434024;329805.7976067157;319849.5328056031;320060.5749232139;97090897081.88489;6318451148561.737;"2024-08-18T23:59:59.999Z"
"2024-08-17T00:00:00.000Z";"2024-08-17T23:59:59.999Z";"2024-08-17T16:53:00.000Z";"2024-08-17T00:20:00.000Z";"2783";322312.5155994814;326696.9841093115;321881.8088827442;325516.5127470971;74373622712.20999;6424976340579.403;"2024-08-17T23:59:59.999Z"
"2024-08-16T00:00:00.000Z";"2024-08-16T23:59:59.999Z";"2024-08-16T19:33:00.000Z";"2024-08-16T01:23:00.000Z";"2783";315792.8698530762;327299.2180617872;313325.554488775;322315.6532480437;161028025491.51367;6378438075790.228;"2024-08-16T23:59:59.999Z"
"2024-08-15T00:00:00.000Z";"2024-08-15T23:59:59.999Z";"2024-08-15T16:32:00.000Z";"2024-08-15T20:57:00.000Z";"2783";321294.4418474884;327042.1504581755;308012.6399347213;315797.719647284;195195427892.59558;6215836685949.041;"2024-08-15T23:59:59.999Z"
"2024-08-14T00:00:00.000Z";"2024-08-14T23:59:59.999Z";"2024-08-14T12:31:00.000Z";"2024-08-14T22:05:00.000Z";"2783";330778.7445343951;336648.5940506481;319881.7052160924;321316.3652379497;163512960731.5327;6327273100441.657;"2024-08-14T23:59:59.999Z"
"2024-08-13T00:00:00.000Z";"2024-08-13T23:59:59.999Z";"2024-08-13T17:45:00.000Z";"2024-08-13T10:25:00.000Z";"2783";326067.3918428222;336129.872311238;321392.4601626166;330758.5289480159;166602177111.09656;6572501214674.846;"2024-08-13T23:59:59.999Z"
"2024-08-12T00:00:00.000Z";"2024-08-12T23:59:59.999Z";"2024-08-12T14:41:00.000Z";"2024-08-12T07:22:00.000Z";"2783";323414.626269195;332594.9612177374;317733.6035219246;326058.0856764863;204221684307.40274;6453149233162.219;"2024-08-12T23:59:59.999Z"
"2024-08-11T00:00:00.000Z";"2024-08-11T23:59:59.999Z";"2024-08-11T09:21:00.000Z";"2024-08-11T20:39:00.000Z";"2783";335562.578415149;340159.4818819803;321274.4562040888;323415.1106805329;125315209995.20529;6381685906768.383;"2024-08-11T23:59:59.999Z"
"2024-08-10T00:00:00.000Z";"2024-08-10T23:59:59.999Z";"2024-08-10T00:24:00.000Z";"2024-08-10T04:16:00.000Z";"2783";335212.0495066897;338423.6011608289;331943.3413258045;335567.6471274038;86696497464.37688;6623389540583.699;"2024-08-10T23:59:59.999Z"
"2024-08-09T00:00:00.000Z";"2024-08-09T23:59:59.999Z";"2024-08-09T00:01:00.000Z";"2024-08-09T14:37:00.000Z";"2783";342437.2393155923;342568.4679851353;327661.7234159734;335205.8977909114;185428255906.95966;6666209914047.866;"2024-08-09T23:59:59.999Z"
"2024-08-08T00:00:00.000Z";"2024-08-08T23:59:59.999Z";"2024-08-08T23:01:00.000Z";"2024-08-08T00:40:00.000Z";"2783";310220.7826265338;347688.9730363385;308736.4781398024;342343.1591525376;255361079399.86942;6868216808754.931;"2024-08-08T23:59:59.999Z"
"2024-08-07T00:00:00.000Z";"2024-08-07T23:59:59.999Z";"2024-08-07T10:35:00.000Z";"2024-08-07T22:24:00.000Z";"2783";317021.8559211066;326560.9661098954;307917.6057539721;310206.3041578166;235543689278.68353;6144212472467.436;"2024-08-07T23:59:59.999Z"
"2024-08-06T00:00:00.000Z";"2024-08-06T23:59:59.999Z";"2024-08-06T18:18:00.000Z";"2024-08-06T00:00:00.000Z";"2783";308960.0334484754;322474.2441824367;308856.5992963599;316986.1289578991;282117040949.3504;6329261171123.641;"2024-08-06T23:59:59.999Z"
"2024-08-05T00:00:00.000Z";"2024-08-05T23:59:59.999Z";"2024-08-05T00:07:00.000Z";"2024-08-05T06:25:00.000Z";"2783";332867.4116143803;333775.497163488;281371.3107013581;308971.4623948195;624322736444.6793;6103859908734.454;"2024-08-05T23:59:59.999Z"
"2024-08-04T00:00:00.000Z";"2024-08-04T23:59:59.999Z";"2024-08-04T02:35:00.000Z";"2024-08-04T17:45:00.000Z";"2783";347564.8026652357;349781.0167652311;327714.9236271776;332905.6674282335;181921429614.79367;6569356729231.858;"2024-08-04T23:59:59.999Z"
"2024-08-03T00:00:00.000Z";"2024-08-03T23:59:59.999Z";"2024-08-03T12:41:00.000Z";"2024-08-03T21:08:00.000Z";"2783";351820.8719379511;356023.162475146;342755.5960902104;347587.7184535517;181900411034.0978;6859748565227.484;"2024-08-03T23:59:59.999Z"
"2024-08-02T00:00:00.000Z";"2024-08-02T23:59:59.999Z";"2024-08-02T00:20:00.000Z";"2024-08-02T22:59:00.000Z";"2783";375919.8585712504;376896.1343013543;350503.7791725817;351822.3389110935;247690463271.86758;6971592161710.075;"2024-08-02T23:59:59.999Z"
"2024-08-01T00:00:00.000Z";"2024-08-01T23:59:59.999Z";"2024-08-01T22:27:00.000Z";"2024-08-01T17:47:00.000Z";"2783";365659.5324460726;377298.9032483312;356281.8080390824;375942.8847379504;231843825855.27933;7297321211153.895;"2024-08-01T23:59:59.999Z"
"2024-07-31T00:00:00.000Z";"2024-07-31T23:59:59.999Z";"2024-07-31T13:43:00.000Z";"2024-07-31T20:56:00.000Z";"2783";371567.8741765133;377557.8739678194;364767.4562298418;365622.2410594863;175637019946.78372;7158005986067.641;"2024-07-31T23:59:59.999Z"
"2024-07-30T00:00:00.000Z";"2024-07-30T23:59:59.999Z";"2024-07-30T07:48:00.000Z";"2024-07-30T20:12:00.000Z";"2783";375255.7997249884;376216.1652164338;366920.4346668863;371559.8236722908;176232843686.1077;7336655002903.913;"2024-07-30T23:59:59.999Z"
"2024-07-29T00:00:00.000Z";"2024-07-29T23:59:59.999Z";"2024-07-29T13:07:00.000Z";"2024-07-29T17:03:00.000Z";"2783";385508.0297257586;395030.6844846717;375260.649302614;375260.649302614;230317876892.03772;7446747928511.761;"2024-07-29T23:59:59.999Z"
"2024-07-28T00:00:00.000Z";"2024-07-28T23:59:59.999Z";"2024-07-28T18:31:00.000Z";"2024-07-28T05:10:00.000Z";"2783";382682.0807156147;385490.0182210188;378602.7623494958;385490.0182210188;101827659155.25017;7601074617100.075;"2024-07-28T23:59:59.999Z"
"2024-07-27T00:00:00.000Z";"2024-07-27T23:59:59.999Z";"2024-07-27T14:05:00.000Z";"2024-07-27T20:26:00.000Z";"2783";384116.0126502802;391893.393358993;376454.7755826274;382708.51416975;196220886654.26105;7567879358899.377;"2024-07-27T23:59:59.999Z"
"2024-07-26T00:00:00.000Z";"2024-07-26T23:59:59.999Z";"2024-07-26T21:50:00.000Z";"2024-07-26T00:03:00.000Z";"2783";371262.1382586057;385789.0065111794;371103.8553293107;384117.4200785269;172099172341.86707;7563933998447.57;"2024-07-26T23:59:59.999Z"
"2024-07-25T00:00:00.000Z";"2024-07-25T23:59:59.999Z";"2024-07-25T22:09:00.000Z";"2024-07-25T14:14:00.000Z";"2783";369720.1773174832;373184.7773733647;359342.3743063773;371286.1182518325;216687126970.08585;7339144210421.47;"2024-07-25T23:59:59.999Z"
"2024-07-24T00:00:00.000Z";"2024-07-24T23:59:59.999Z";"2024-07-24T14:35:00.000Z";"2024-07-24T23:06:00.000Z";"2783";368345.5358517579;377837.10083513;368345.5358517579;369686.0160218758;153482901773.55112;7206807479608.446;"2024-07-24T23:59:59.999Z"
"2024-07-23T00:00:00.000Z";"2024-07-23T23:59:59.999Z";"2024-07-23T00:19:00.000Z";"2024-07-23T20:00:00.000Z";"2783";376596.0468243037;377678.2416151895;365887.8834315432;368324.7199486827;198401906939.85287;7248109211111.003;"2024-07-23T23:59:59.999Z"
"2024-07-22T00:00:00.000Z";"2024-07-22T23:59:59.999Z";"2024-07-22T00:52:00.000Z";"2024-07-22T15:11:00.000Z";"2783";377829.0588988984;379642.3743436139;370152.3322386326;376598.5298944894;236439753652.53427;7392245021733.232;"2024-07-22T23:59:59.999Z"
"2024-07-21T00:00:00.000Z";"2024-07-21T23:59:59.999Z";"2024-07-21T22:05:00.000Z";"2024-07-21T18:13:00.000Z";"2783";376130.2232533858;379048.3098273956;368749.7944268651;377837.6339574136;149254929238.99216;7529845699259.406;"2024-07-21T23:59:59.999Z"
"2024-07-20T00:00:00.000Z";"2024-07-20T23:59:59.999Z";"2024-07-20T18:54:00.000Z";"2024-07-20T01:55:00.000Z";"2783";373575.5834441611;378626.873564523;371277.8628900341;376123.127937284;106565654998.99115;7420344328440.789;"2024-07-20T23:59:59.999Z"
"2024-07-19T00:00:00.000Z";"2024-07-19T23:59:59.999Z";"2024-07-19T19:37:00.000Z";"2024-07-19T01:20:00.000Z";"2783";354707.353195549;377840.6357798376;351142.2027287053;373576.8641530533;205175277090.60367;7297107300785.351;"2024-07-19T23:59:59.999Z"
"2024-07-18T00:00:00.000Z";"2024-07-18T23:59:59.999Z";"2024-07-18T13:13:00.000Z";"2024-07-18T19:26:00.000Z";"2783";351883.726068355;360686.3347273853;351883.726068355;354717.0075433686;149521994855.52792;6927629407920.958;"2024-07-18T23:59:59.999Z"
"2024-07-17T00:00:00.000Z";"2024-07-17T23:59:59.999Z";"2024-07-17T01:20:00.000Z";"2024-07-17T16:43:00.000Z";"2783";353181.764242497;358478.0934068098;350073.8825123429;351960.8767210031;176477784424.94543;6863095077781.419;"2024-07-17T23:59:59.999Z"
"2024-07-16T00:00:00.000Z";"2024-07-16T23:59:59.999Z";"2024-07-16T23:31:00.000Z";"2024-07-16T08:34:00.000Z";"2783";352964.9491813954;354586.4973384751;340482.2481097339;353204.0992748025;226743790395.2286;6996404645035.329;"2024-07-16T23:59:59.999Z"
"2024-07-15T00:00:00.000Z";"2024-07-15T23:59:59.999Z";"2024-07-15T23:59:00.000Z";"2024-07-15T00:15:00.000Z";"2783";329881.2882751186;353432.0535826877;329279.0157305055;353432.0535826877;206636137920.866;6941142383021.035;"2024-07-15T23:59:59.999Z"
"2024-07-14T00:00:00.000Z";"2024-07-14T23:59:59.999Z";"2024-07-14T22:00:00.000Z";"2024-07-14T00:00:00.000Z";"2783";321551.7704402622;332820.1449410996;321551.7704402622;329731.2221533323;120657637265.84375;6508403036128.98;"2024-07-14T23:59:59.999Z"
"2024-07-13T00:00:00.000Z";"2024-07-13T23:59:59.999Z";"2024-07-13T23:19:00.000Z";"2024-07-13T00:34:00.000Z";"2783";314398.1233035006;324602.103351395;313788.4453739468;321588.1621929092;92731071558.54785;6341674667140.358;"2024-07-13T23:59:59.999Z"
"2024-07-12T00:00:00.000Z";"2024-07-12T23:59:59.999Z";"2024-07-12T18:51:00.000Z";"2024-07-12T01:27:00.000Z";"2783";311901.6957253252;317732.2577623103;307810.9360962701;314347.7781855044;139274777516.7652;6210631556662.853;"2024-07-12T23:59:59.999Z"
"2024-07-11T00:00:00.000Z";"2024-07-11T23:59:59.999Z";"2024-07-11T12:34:00.000Z";"2024-07-11T03:22:00.000Z";"2783";312676.6345727956;321183.5259245742;309386.8127385649;311927.7213184011;155487207170.39566;6124859952026.86;"2024-07-11T23:59:59.999Z"
"2024-07-10T00:00:00.000Z";"2024-07-10T23:59:59.999Z";"2024-07-10T05:09:00.000Z";"2024-07-10T20:34:00.000Z";"2783";314456.6611193232;321627.2125284121;309758.3320124748;312744.8993645272;141830675333.9312;6169901339560.824;"2024-07-10T23:59:59.999Z"
"2024-07-09T00:00:00.000Z";"2024-07-09T23:59:59.999Z";"2024-07-09T18:46:00.000Z";"2024-07-09T00:32:00.000Z";"2783";310281.8839721438;315522.4975766577;308154.6774680895;314328.8517263456;152389748035.7789;6259456562489.977;"2024-07-09T23:59:59.999Z"